model,tree,sdratio,modelType,rateParam,rateEstimate
chen-sd20-bisse-equal,chen,0.2,bisse,turnover0A,2.061153622438558e-9
chen-sd20-bisse-equal,chen,0.2,bisse,turnover1A,0.14739874492174043
chen-sd20-bisse-equal,chen,0.2,bisse,turnover0B,NA
chen-sd20-bisse-equal,chen,0.2,bisse,turnover1B,NA
chen-sd20-bisse-equal,chen,0.2,bisse,turnover0C,NA
chen-sd20-bisse-equal,chen,0.2,bisse,turnover1C,NA
chen-sd20-bisse-equal,chen,0.2,bisse,turnover0D,NA
chen-sd20-bisse-equal,chen,0.2,bisse,turnover1D,NA
chen-sd20-bisse-equal,chen,0.2,bisse,eps0A,2.061153622438558e-9
chen-sd20-bisse-equal,chen,0.2,bisse,q0A1A,0.0839038410128988
chen-sd20-bisse-equal,chen,0.2,bisse,q1A0A,0.0839038410128988
chen-sd20-bisse-equal,chen,0.2,bisse,q0A0B,NA
chen-sd20-bisse-equal,chen,0.2,bisse,q0A0C,NA
chen-sd20-bisse-equal,chen,0.2,bisse,q0A0D,NA
chen-sd20-bisse-equal,chen,0.2,bisse,q1A1B,NA
chen-sd20-bisse-equal,chen,0.2,bisse,q1A1C,NA
chen-sd20-bisse-equal,chen,0.2,bisse,q1A1D,NA
chen-sd20-bisse-equal,chen,0.2,bisse,q0B1B,NA
chen-sd20-bisse-equal,chen,0.2,bisse,q1B0B,NA
chen-sd20-bisse-equal,chen,0.2,bisse,q0B0A,NA
chen-sd20-bisse-equal,chen,0.2,bisse,q0B0C,NA
chen-sd20-bisse-equal,chen,0.2,bisse,q0B0D,NA
chen-sd20-bisse-equal,chen,0.2,bisse,q1B1A,NA
chen-sd20-bisse-equal,chen,0.2,bisse,q1B1C,NA
chen-sd20-bisse-equal,chen,0.2,bisse,q1B1D,NA
chen-sd20-bisse-equal,chen,0.2,bisse,q0C1C,NA
chen-sd20-bisse-equal,chen,0.2,bisse,q1C0C,NA
chen-sd20-bisse-equal,chen,0.2,bisse,q0C0A,NA
chen-sd20-bisse-equal,chen,0.2,bisse,q0C0B,NA
chen-sd20-bisse-equal,chen,0.2,bisse,q0C0D,NA
chen-sd20-bisse-equal,chen,0.2,bisse,q1C1A,NA
chen-sd20-bisse-equal,chen,0.2,bisse,q1C1B,NA
chen-sd20-bisse-equal,chen,0.2,bisse,q1C1D,NA
chen-sd20-bisse-equal,chen,0.2,bisse,q0D1D,NA
chen-sd20-bisse-equal,chen,0.2,bisse,q1D0D,NA
chen-sd20-bisse-equal,chen,0.2,bisse,q0D0A,NA
chen-sd20-bisse-equal,chen,0.2,bisse,q0D0B,NA
chen-sd20-bisse-equal,chen,0.2,bisse,q0D0C,NA
chen-sd20-bisse-equal,chen,0.2,bisse,q1D1A,NA
chen-sd20-bisse-equal,chen,0.2,bisse,q1D1B,NA
chen-sd20-bisse-equal,chen,0.2,bisse,q1D1C,NA
chen-sd20-bisse,chen,0.2,bisse,turnover0A,2.061153622438558e-9
chen-sd20-bisse,chen,0.2,bisse,turnover1A,0.14272721220043852
chen-sd20-bisse,chen,0.2,bisse,turnover0B,NA
chen-sd20-bisse,chen,0.2,bisse,turnover1B,NA
chen-sd20-bisse,chen,0.2,bisse,turnover0C,NA
chen-sd20-bisse,chen,0.2,bisse,turnover1C,NA
chen-sd20-bisse,chen,0.2,bisse,turnover0D,NA
chen-sd20-bisse,chen,0.2,bisse,turnover1D,NA
chen-sd20-bisse,chen,0.2,bisse,eps0A,2.061153622438558e-9
chen-sd20-bisse,chen,0.2,bisse,q0A1A,2.061153622438558e-9
chen-sd20-bisse,chen,0.2,bisse,q1A0A,0.06117123423293767
chen-sd20-bisse,chen,0.2,bisse,q0A0B,NA
chen-sd20-bisse,chen,0.2,bisse,q0A0C,NA
chen-sd20-bisse,chen,0.2,bisse,q0A0D,NA
chen-sd20-bisse,chen,0.2,bisse,q1A1B,NA
chen-sd20-bisse,chen,0.2,bisse,q1A1C,NA
chen-sd20-bisse,chen,0.2,bisse,q1A1D,NA
chen-sd20-bisse,chen,0.2,bisse,q0B1B,NA
chen-sd20-bisse,chen,0.2,bisse,q1B0B,NA
chen-sd20-bisse,chen,0.2,bisse,q0B0A,NA
chen-sd20-bisse,chen,0.2,bisse,q0B0C,NA
chen-sd20-bisse,chen,0.2,bisse,q0B0D,NA
chen-sd20-bisse,chen,0.2,bisse,q1B1A,NA
chen-sd20-bisse,chen,0.2,bisse,q1B1C,NA
chen-sd20-bisse,chen,0.2,bisse,q1B1D,NA
chen-sd20-bisse,chen,0.2,bisse,q0C1C,NA
chen-sd20-bisse,chen,0.2,bisse,q1C0C,NA
chen-sd20-bisse,chen,0.2,bisse,q0C0A,NA
chen-sd20-bisse,chen,0.2,bisse,q0C0B,NA
chen-sd20-bisse,chen,0.2,bisse,q0C0D,NA
chen-sd20-bisse,chen,0.2,bisse,q1C1A,NA
chen-sd20-bisse,chen,0.2,bisse,q1C1B,NA
chen-sd20-bisse,chen,0.2,bisse,q1C1D,NA
chen-sd20-bisse,chen,0.2,bisse,q0D1D,NA
chen-sd20-bisse,chen,0.2,bisse,q1D0D,NA
chen-sd20-bisse,chen,0.2,bisse,q0D0A,NA
chen-sd20-bisse,chen,0.2,bisse,q0D0B,NA
chen-sd20-bisse,chen,0.2,bisse,q0D0C,NA
chen-sd20-bisse,chen,0.2,bisse,q1D1A,NA
chen-sd20-bisse,chen,0.2,bisse,q1D1B,NA
chen-sd20-bisse,chen,0.2,bisse,q1D1C,NA
chen-sd20-cid2-equal,chen,0.2,cid2,turnover0A,2.061153622438558e-9
chen-sd20-cid2-equal,chen,0.2,cid2,turnover1A,2.061153622438558e-9
chen-sd20-cid2-equal,chen,0.2,cid2,turnover0B,0.1354230701264851
chen-sd20-cid2-equal,chen,0.2,cid2,turnover1B,0.1354230701264851
chen-sd20-cid2-equal,chen,0.2,cid2,turnover0C,NA
chen-sd20-cid2-equal,chen,0.2,cid2,turnover1C,NA
chen-sd20-cid2-equal,chen,0.2,cid2,turnover0D,NA
chen-sd20-cid2-equal,chen,0.2,cid2,turnover1D,NA
chen-sd20-cid2-equal,chen,0.2,cid2,eps0A,2.061153622438558e-9
chen-sd20-cid2-equal,chen,0.2,cid2,q0A1A,0.05715924891384804
chen-sd20-cid2-equal,chen,0.2,cid2,q1A0A,0.05715924891384804
chen-sd20-cid2-equal,chen,0.2,cid2,q0A0B,0.05715924891384804
chen-sd20-cid2-equal,chen,0.2,cid2,q0A0C,NA
chen-sd20-cid2-equal,chen,0.2,cid2,q0A0D,NA
chen-sd20-cid2-equal,chen,0.2,cid2,q1A1B,0.05715924891384804
chen-sd20-cid2-equal,chen,0.2,cid2,q1A1C,NA
chen-sd20-cid2-equal,chen,0.2,cid2,q1A1D,NA
chen-sd20-cid2-equal,chen,0.2,cid2,q0B1B,0.05715924891384804
chen-sd20-cid2-equal,chen,0.2,cid2,q1B0B,0.05715924891384804
chen-sd20-cid2-equal,chen,0.2,cid2,q0B0A,0.05715924891384804
chen-sd20-cid2-equal,chen,0.2,cid2,q0B0C,NA
chen-sd20-cid2-equal,chen,0.2,cid2,q0B0D,NA
chen-sd20-cid2-equal,chen,0.2,cid2,q1B1A,0.05715924891384804
chen-sd20-cid2-equal,chen,0.2,cid2,q1B1C,NA
chen-sd20-cid2-equal,chen,0.2,cid2,q1B1D,NA
chen-sd20-cid2-equal,chen,0.2,cid2,q0C1C,NA
chen-sd20-cid2-equal,chen,0.2,cid2,q1C0C,NA
chen-sd20-cid2-equal,chen,0.2,cid2,q0C0A,NA
chen-sd20-cid2-equal,chen,0.2,cid2,q0C0B,NA
chen-sd20-cid2-equal,chen,0.2,cid2,q0C0D,NA
chen-sd20-cid2-equal,chen,0.2,cid2,q1C1A,NA
chen-sd20-cid2-equal,chen,0.2,cid2,q1C1B,NA
chen-sd20-cid2-equal,chen,0.2,cid2,q1C1D,NA
chen-sd20-cid2-equal,chen,0.2,cid2,q0D1D,NA
chen-sd20-cid2-equal,chen,0.2,cid2,q1D0D,NA
chen-sd20-cid2-equal,chen,0.2,cid2,q0D0A,NA
chen-sd20-cid2-equal,chen,0.2,cid2,q0D0B,NA
chen-sd20-cid2-equal,chen,0.2,cid2,q0D0C,NA
chen-sd20-cid2-equal,chen,0.2,cid2,q1D1A,NA
chen-sd20-cid2-equal,chen,0.2,cid2,q1D1B,NA
chen-sd20-cid2-equal,chen,0.2,cid2,q1D1C,NA
chen-sd20-cid2,chen,0.2,cid2,turnover0A,0.1012872571443298
chen-sd20-cid2,chen,0.2,cid2,turnover1A,0.1012872571443298
chen-sd20-cid2,chen,0.2,cid2,turnover0B,0.10113279483172204
chen-sd20-cid2,chen,0.2,cid2,turnover1B,0.10113279483172204
chen-sd20-cid2,chen,0.2,cid2,turnover0C,NA
chen-sd20-cid2,chen,0.2,cid2,turnover1C,NA
chen-sd20-cid2,chen,0.2,cid2,turnover0D,NA
chen-sd20-cid2,chen,0.2,cid2,turnover1D,NA
chen-sd20-cid2,chen,0.2,cid2,eps0A,4.20673641734501e-9
chen-sd20-cid2,chen,0.2,cid2,q0A1A,0.05583943068333149
chen-sd20-cid2,chen,0.2,cid2,q1A0A,0.04530744917263043
chen-sd20-cid2,chen,0.2,cid2,q0A0B,99.9316002991065
chen-sd20-cid2,chen,0.2,cid2,q0A0C,NA
chen-sd20-cid2,chen,0.2,cid2,q0A0D,NA
chen-sd20-cid2,chen,0.2,cid2,q1A1B,99.9316002991065
chen-sd20-cid2,chen,0.2,cid2,q1A1C,NA
chen-sd20-cid2,chen,0.2,cid2,q1A1D,NA
chen-sd20-cid2,chen,0.2,cid2,q0B1B,0.05583943068333149
chen-sd20-cid2,chen,0.2,cid2,q1B0B,0.04530744917263043
chen-sd20-cid2,chen,0.2,cid2,q0B0A,99.9316002991065
chen-sd20-cid2,chen,0.2,cid2,q0B0C,NA
chen-sd20-cid2,chen,0.2,cid2,q0B0D,NA
chen-sd20-cid2,chen,0.2,cid2,q1B1A,99.9316002991065
chen-sd20-cid2,chen,0.2,cid2,q1B1C,NA
chen-sd20-cid2,chen,0.2,cid2,q1B1D,NA
chen-sd20-cid2,chen,0.2,cid2,q0C1C,NA
chen-sd20-cid2,chen,0.2,cid2,q1C0C,NA
chen-sd20-cid2,chen,0.2,cid2,q0C0A,NA
chen-sd20-cid2,chen,0.2,cid2,q0C0B,NA
chen-sd20-cid2,chen,0.2,cid2,q0C0D,NA
chen-sd20-cid2,chen,0.2,cid2,q1C1A,NA
chen-sd20-cid2,chen,0.2,cid2,q1C1B,NA
chen-sd20-cid2,chen,0.2,cid2,q1C1D,NA
chen-sd20-cid2,chen,0.2,cid2,q0D1D,NA
chen-sd20-cid2,chen,0.2,cid2,q1D0D,NA
chen-sd20-cid2,chen,0.2,cid2,q0D0A,NA
chen-sd20-cid2,chen,0.2,cid2,q0D0B,NA
chen-sd20-cid2,chen,0.2,cid2,q0D0C,NA
chen-sd20-cid2,chen,0.2,cid2,q1D1A,NA
chen-sd20-cid2,chen,0.2,cid2,q1D1B,NA
chen-sd20-cid2,chen,0.2,cid2,q1D1C,NA
chen-sd20-cid4-equal,chen,0.2,cid4,turnover0A,2.061153622438558e-9
chen-sd20-cid4-equal,chen,0.2,cid4,turnover1A,2.061153622438558e-9
chen-sd20-cid4-equal,chen,0.2,cid4,turnover0B,0.020420435910098043
chen-sd20-cid4-equal,chen,0.2,cid4,turnover1B,0.020420435910098043
chen-sd20-cid4-equal,chen,0.2,cid4,turnover0C,0.17940331622954683
chen-sd20-cid4-equal,chen,0.2,cid4,turnover1C,0.17940331622954683
chen-sd20-cid4-equal,chen,0.2,cid4,turnover0D,0.020421331620612843
chen-sd20-cid4-equal,chen,0.2,cid4,turnover1D,0.020421331620612843
chen-sd20-cid4-equal,chen,0.2,cid4,eps0A,2.061153622438558e-9
chen-sd20-cid4-equal,chen,0.2,cid4,q0A1A,0.05053626944405686
chen-sd20-cid4-equal,chen,0.2,cid4,q1A0A,0.05053626944405686
chen-sd20-cid4-equal,chen,0.2,cid4,q0A0B,0.05053626944405686
chen-sd20-cid4-equal,chen,0.2,cid4,q0A0C,0.05053626944405686
chen-sd20-cid4-equal,chen,0.2,cid4,q0A0D,0.05053626944405686
chen-sd20-cid4-equal,chen,0.2,cid4,q1A1B,0.05053626944405686
chen-sd20-cid4-equal,chen,0.2,cid4,q1A1C,0.05053626944405686
chen-sd20-cid4-equal,chen,0.2,cid4,q1A1D,0.05053626944405686
chen-sd20-cid4-equal,chen,0.2,cid4,q0B1B,0.05053626944405686
chen-sd20-cid4-equal,chen,0.2,cid4,q1B0B,0.05053626944405686
chen-sd20-cid4-equal,chen,0.2,cid4,q0B0A,0.05053626944405686
chen-sd20-cid4-equal,chen,0.2,cid4,q0B0C,0.05053626944405686
chen-sd20-cid4-equal,chen,0.2,cid4,q0B0D,0.05053626944405686
chen-sd20-cid4-equal,chen,0.2,cid4,q1B1A,0.05053626944405686
chen-sd20-cid4-equal,chen,0.2,cid4,q1B1C,0.05053626944405686
chen-sd20-cid4-equal,chen,0.2,cid4,q1B1D,0.05053626944405686
chen-sd20-cid4-equal,chen,0.2,cid4,q0C1C,0.05053626944405686
chen-sd20-cid4-equal,chen,0.2,cid4,q1C0C,0.05053626944405686
chen-sd20-cid4-equal,chen,0.2,cid4,q0C0A,0.05053626944405686
chen-sd20-cid4-equal,chen,0.2,cid4,q0C0B,0.05053626944405686
chen-sd20-cid4-equal,chen,0.2,cid4,q0C0D,0.05053626944405686
chen-sd20-cid4-equal,chen,0.2,cid4,q1C1A,0.05053626944405686
chen-sd20-cid4-equal,chen,0.2,cid4,q1C1B,0.05053626944405686
chen-sd20-cid4-equal,chen,0.2,cid4,q1C1D,0.05053626944405686
chen-sd20-cid4-equal,chen,0.2,cid4,q0D1D,0.05053626944405686
chen-sd20-cid4-equal,chen,0.2,cid4,q1D0D,0.05053626944405686
chen-sd20-cid4-equal,chen,0.2,cid4,q0D0A,0.05053626944405686
chen-sd20-cid4-equal,chen,0.2,cid4,q0D0B,0.05053626944405686
chen-sd20-cid4-equal,chen,0.2,cid4,q0D0C,0.05053626944405686
chen-sd20-cid4-equal,chen,0.2,cid4,q1D1A,0.05053626944405686
chen-sd20-cid4-equal,chen,0.2,cid4,q1D1B,0.05053626944405686
chen-sd20-cid4-equal,chen,0.2,cid4,q1D1C,0.05053626944405686
chen-sd20-cid4,chen,0.2,cid4,turnover0A,0.01971959576513287
chen-sd20-cid4,chen,0.2,cid4,turnover1A,0.01971959576513287
chen-sd20-cid4,chen,0.2,cid4,turnover0B,0.01960146747798954
chen-sd20-cid4,chen,0.2,cid4,turnover1B,0.01960146747798954
chen-sd20-cid4,chen,0.2,cid4,turnover0C,2.061153622438558e-9
chen-sd20-cid4,chen,0.2,cid4,turnover1C,2.061153622438558e-9
chen-sd20-cid4,chen,0.2,cid4,turnover0D,0.17608593159616537
chen-sd20-cid4,chen,0.2,cid4,turnover1D,0.17608593159616537
chen-sd20-cid4,chen,0.2,cid4,eps0A,2.061153622438558e-9
chen-sd20-cid4,chen,0.2,cid4,q0A1A,0.055817730696494344
chen-sd20-cid4,chen,0.2,cid4,q1A0A,0.045309708012152866
chen-sd20-cid4,chen,0.2,cid4,q0A0B,0.04732328205315519
chen-sd20-cid4,chen,0.2,cid4,q0A0C,0.04732328205315519
chen-sd20-cid4,chen,0.2,cid4,q0A0D,0.04732328205315519
chen-sd20-cid4,chen,0.2,cid4,q1A1B,0.04732328205315519
chen-sd20-cid4,chen,0.2,cid4,q1A1C,0.04732328205315519
chen-sd20-cid4,chen,0.2,cid4,q1A1D,0.04732328205315519
chen-sd20-cid4,chen,0.2,cid4,q0B1B,0.055817730696494344
chen-sd20-cid4,chen,0.2,cid4,q1B0B,0.045309708012152866
chen-sd20-cid4,chen,0.2,cid4,q0B0A,0.04732328205315519
chen-sd20-cid4,chen,0.2,cid4,q0B0C,0.04732328205315519
chen-sd20-cid4,chen,0.2,cid4,q0B0D,0.04732328205315519
chen-sd20-cid4,chen,0.2,cid4,q1B1A,0.04732328205315519
chen-sd20-cid4,chen,0.2,cid4,q1B1C,0.04732328205315519
chen-sd20-cid4,chen,0.2,cid4,q1B1D,0.04732328205315519
chen-sd20-cid4,chen,0.2,cid4,q0C1C,0.055817730696494344
chen-sd20-cid4,chen,0.2,cid4,q1C0C,0.045309708012152866
chen-sd20-cid4,chen,0.2,cid4,q0C0A,0.04732328205315519
chen-sd20-cid4,chen,0.2,cid4,q0C0B,0.04732328205315519
chen-sd20-cid4,chen,0.2,cid4,q0C0D,0.04732328205315519
chen-sd20-cid4,chen,0.2,cid4,q1C1A,0.04732328205315519
chen-sd20-cid4,chen,0.2,cid4,q1C1B,0.04732328205315519
chen-sd20-cid4,chen,0.2,cid4,q1C1D,0.04732328205315519
chen-sd20-cid4,chen,0.2,cid4,q0D1D,0.055817730696494344
chen-sd20-cid4,chen,0.2,cid4,q1D0D,0.045309708012152866
chen-sd20-cid4,chen,0.2,cid4,q0D0A,0.04732328205315519
chen-sd20-cid4,chen,0.2,cid4,q0D0B,0.04732328205315519
chen-sd20-cid4,chen,0.2,cid4,q0D0C,0.04732328205315519
chen-sd20-cid4,chen,0.2,cid4,q1D1A,0.04732328205315519
chen-sd20-cid4,chen,0.2,cid4,q1D1B,0.04732328205315519
chen-sd20-cid4,chen,0.2,cid4,q1D1C,0.04732328205315519
chen-sd20-hisse-equal,chen,0.2,hisse,turnover0A,2.061153622438558e-9
chen-sd20-hisse-equal,chen,0.2,hisse,turnover1A,0.0379019563491299
chen-sd20-hisse-equal,chen,0.2,hisse,turnover0B,0.02460356199465269
chen-sd20-hisse-equal,chen,0.2,hisse,turnover1B,0.17849695211837868
chen-sd20-hisse-equal,chen,0.2,hisse,turnover0C,NA
chen-sd20-hisse-equal,chen,0.2,hisse,turnover1C,NA
chen-sd20-hisse-equal,chen,0.2,hisse,turnover0D,NA
chen-sd20-hisse-equal,chen,0.2,hisse,turnover1D,NA
chen-sd20-hisse-equal,chen,0.2,hisse,eps0A,2.061153622438558e-9
chen-sd20-hisse-equal,chen,0.2,hisse,q0A1A,0.07573495052301046
chen-sd20-hisse-equal,chen,0.2,hisse,q1A0A,0.07573495052301046
chen-sd20-hisse-equal,chen,0.2,hisse,q0A0B,0.07573495052301046
chen-sd20-hisse-equal,chen,0.2,hisse,q0A0C,NA
chen-sd20-hisse-equal,chen,0.2,hisse,q0A0D,NA
chen-sd20-hisse-equal,chen,0.2,hisse,q1A1B,0.07573495052301046
chen-sd20-hisse-equal,chen,0.2,hisse,q1A1C,NA
chen-sd20-hisse-equal,chen,0.2,hisse,q1A1D,NA
chen-sd20-hisse-equal,chen,0.2,hisse,q0B1B,0.07573495052301046
chen-sd20-hisse-equal,chen,0.2,hisse,q1B0B,0.07573495052301046
chen-sd20-hisse-equal,chen,0.2,hisse,q0B0A,0.07573495052301046
chen-sd20-hisse-equal,chen,0.2,hisse,q0B0C,NA
chen-sd20-hisse-equal,chen,0.2,hisse,q0B0D,NA
chen-sd20-hisse-equal,chen,0.2,hisse,q1B1A,0.07573495052301046
chen-sd20-hisse-equal,chen,0.2,hisse,q1B1C,NA
chen-sd20-hisse-equal,chen,0.2,hisse,q1B1D,NA
chen-sd20-hisse-equal,chen,0.2,hisse,q0C1C,NA
chen-sd20-hisse-equal,chen,0.2,hisse,q1C0C,NA
chen-sd20-hisse-equal,chen,0.2,hisse,q0C0A,NA
chen-sd20-hisse-equal,chen,0.2,hisse,q0C0B,NA
chen-sd20-hisse-equal,chen,0.2,hisse,q0C0D,NA
chen-sd20-hisse-equal,chen,0.2,hisse,q1C1A,NA
chen-sd20-hisse-equal,chen,0.2,hisse,q1C1B,NA
chen-sd20-hisse-equal,chen,0.2,hisse,q1C1D,NA
chen-sd20-hisse-equal,chen,0.2,hisse,q0D1D,NA
chen-sd20-hisse-equal,chen,0.2,hisse,q1D0D,NA
chen-sd20-hisse-equal,chen,0.2,hisse,q0D0A,NA
chen-sd20-hisse-equal,chen,0.2,hisse,q0D0B,NA
chen-sd20-hisse-equal,chen,0.2,hisse,q0D0C,NA
chen-sd20-hisse-equal,chen,0.2,hisse,q1D1A,NA
chen-sd20-hisse-equal,chen,0.2,hisse,q1D1B,NA
chen-sd20-hisse-equal,chen,0.2,hisse,q1D1C,NA
chen-sd20-hisse,chen,0.2,hisse,turnover0A,2.061153622438558e-9
chen-sd20-hisse,chen,0.2,hisse,turnover1A,0.14858151251121263
chen-sd20-hisse,chen,0.2,hisse,turnover0B,2.061153622438558e-9
chen-sd20-hisse,chen,0.2,hisse,turnover1B,0.4132218832379361
chen-sd20-hisse,chen,0.2,hisse,turnover0C,NA
chen-sd20-hisse,chen,0.2,hisse,turnover1C,NA
chen-sd20-hisse,chen,0.2,hisse,turnover0D,NA
chen-sd20-hisse,chen,0.2,hisse,turnover1D,NA
chen-sd20-hisse,chen,0.2,hisse,eps0A,2.061153622438558e-9
chen-sd20-hisse,chen,0.2,hisse,q0A1A,0.07544379780639317
chen-sd20-hisse,chen,0.2,hisse,q1A0A,2.061153622438558e-9
chen-sd20-hisse,chen,0.2,hisse,q0A0B,0.06196662433362943
chen-sd20-hisse,chen,0.2,hisse,q0A0C,NA
chen-sd20-hisse,chen,0.2,hisse,q0A0D,NA
chen-sd20-hisse,chen,0.2,hisse,q1A1B,0.06196662433362943
chen-sd20-hisse,chen,0.2,hisse,q1A1C,NA
chen-sd20-hisse,chen,0.2,hisse,q1A1D,NA
chen-sd20-hisse,chen,0.2,hisse,q0B1B,2.061153622438558e-9
chen-sd20-hisse,chen,0.2,hisse,q1B0B,2.885565083591395
chen-sd20-hisse,chen,0.2,hisse,q0B0A,0.06196662433362943
chen-sd20-hisse,chen,0.2,hisse,q0B0C,NA
chen-sd20-hisse,chen,0.2,hisse,q0B0D,NA
chen-sd20-hisse,chen,0.2,hisse,q1B1A,0.06196662433362943
chen-sd20-hisse,chen,0.2,hisse,q1B1C,NA
chen-sd20-hisse,chen,0.2,hisse,q1B1D,NA
chen-sd20-hisse,chen,0.2,hisse,q0C1C,NA
chen-sd20-hisse,chen,0.2,hisse,q1C0C,NA
chen-sd20-hisse,chen,0.2,hisse,q0C0A,NA
chen-sd20-hisse,chen,0.2,hisse,q0C0B,NA
chen-sd20-hisse,chen,0.2,hisse,q0C0D,NA
chen-sd20-hisse,chen,0.2,hisse,q1C1A,NA
chen-sd20-hisse,chen,0.2,hisse,q1C1B,NA
chen-sd20-hisse,chen,0.2,hisse,q1C1D,NA
chen-sd20-hisse,chen,0.2,hisse,q0D1D,NA
chen-sd20-hisse,chen,0.2,hisse,q1D0D,NA
chen-sd20-hisse,chen,0.2,hisse,q0D0A,NA
chen-sd20-hisse,chen,0.2,hisse,q0D0B,NA
chen-sd20-hisse,chen,0.2,hisse,q0D0C,NA
chen-sd20-hisse,chen,0.2,hisse,q1D1A,NA
chen-sd20-hisse,chen,0.2,hisse,q1D1B,NA
chen-sd20-hisse,chen,0.2,hisse,q1D1C,NA
chen-sd20-null-equal,chen,0.2,null,turnover0A,0.10121507497996773
chen-sd20-null-equal,chen,0.2,null,turnover1A,0.10121507497996773
chen-sd20-null-equal,chen,0.2,null,turnover0B,NA
chen-sd20-null-equal,chen,0.2,null,turnover1B,NA
chen-sd20-null-equal,chen,0.2,null,turnover0C,NA
chen-sd20-null-equal,chen,0.2,null,turnover1C,NA
chen-sd20-null-equal,chen,0.2,null,turnover0D,NA
chen-sd20-null-equal,chen,0.2,null,turnover1D,NA
chen-sd20-null-equal,chen,0.2,null,eps0A,2.061153622438558e-9
chen-sd20-null-equal,chen,0.2,null,q0A1A,0.05098225579712641
chen-sd20-null-equal,chen,0.2,null,q1A0A,0.05098225579712641
chen-sd20-null-equal,chen,0.2,null,q0A0B,NA
chen-sd20-null-equal,chen,0.2,null,q0A0C,NA
chen-sd20-null-equal,chen,0.2,null,q0A0D,NA
chen-sd20-null-equal,chen,0.2,null,q1A1B,NA
chen-sd20-null-equal,chen,0.2,null,q1A1C,NA
chen-sd20-null-equal,chen,0.2,null,q1A1D,NA
chen-sd20-null-equal,chen,0.2,null,q0B1B,NA
chen-sd20-null-equal,chen,0.2,null,q1B0B,NA
chen-sd20-null-equal,chen,0.2,null,q0B0A,NA
chen-sd20-null-equal,chen,0.2,null,q0B0C,NA
chen-sd20-null-equal,chen,0.2,null,q0B0D,NA
chen-sd20-null-equal,chen,0.2,null,q1B1A,NA
chen-sd20-null-equal,chen,0.2,null,q1B1C,NA
chen-sd20-null-equal,chen,0.2,null,q1B1D,NA
chen-sd20-null-equal,chen,0.2,null,q0C1C,NA
chen-sd20-null-equal,chen,0.2,null,q1C0C,NA
chen-sd20-null-equal,chen,0.2,null,q0C0A,NA
chen-sd20-null-equal,chen,0.2,null,q0C0B,NA
chen-sd20-null-equal,chen,0.2,null,q0C0D,NA
chen-sd20-null-equal,chen,0.2,null,q1C1A,NA
chen-sd20-null-equal,chen,0.2,null,q1C1B,NA
chen-sd20-null-equal,chen,0.2,null,q1C1D,NA
chen-sd20-null-equal,chen,0.2,null,q0D1D,NA
chen-sd20-null-equal,chen,0.2,null,q1D0D,NA
chen-sd20-null-equal,chen,0.2,null,q0D0A,NA
chen-sd20-null-equal,chen,0.2,null,q0D0B,NA
chen-sd20-null-equal,chen,0.2,null,q0D0C,NA
chen-sd20-null-equal,chen,0.2,null,q1D1A,NA
chen-sd20-null-equal,chen,0.2,null,q1D1B,NA
chen-sd20-null-equal,chen,0.2,null,q1D1C,NA
chen-sd20-null,chen,0.2,null,turnover0A,0.10120591990186201
chen-sd20-null,chen,0.2,null,turnover1A,0.10120591990186201
chen-sd20-null,chen,0.2,null,turnover0B,NA
chen-sd20-null,chen,0.2,null,turnover1B,NA
chen-sd20-null,chen,0.2,null,turnover0C,NA
chen-sd20-null,chen,0.2,null,turnover1C,NA
chen-sd20-null,chen,0.2,null,turnover0D,NA
chen-sd20-null,chen,0.2,null,turnover1D,NA
chen-sd20-null,chen,0.2,null,eps0A,2.061153622438558e-9
chen-sd20-null,chen,0.2,null,q0A1A,0.055865021669049365
chen-sd20-null,chen,0.2,null,q1A0A,0.04535033625422333
chen-sd20-null,chen,0.2,null,q0A0B,NA
chen-sd20-null,chen,0.2,null,q0A0C,NA
chen-sd20-null,chen,0.2,null,q0A0D,NA
chen-sd20-null,chen,0.2,null,q1A1B,NA
chen-sd20-null,chen,0.2,null,q1A1C,NA
chen-sd20-null,chen,0.2,null,q1A1D,NA
chen-sd20-null,chen,0.2,null,q0B1B,NA
chen-sd20-null,chen,0.2,null,q1B0B,NA
chen-sd20-null,chen,0.2,null,q0B0A,NA
chen-sd20-null,chen,0.2,null,q0B0C,NA
chen-sd20-null,chen,0.2,null,q0B0D,NA
chen-sd20-null,chen,0.2,null,q1B1A,NA
chen-sd20-null,chen,0.2,null,q1B1C,NA
chen-sd20-null,chen,0.2,null,q1B1D,NA
chen-sd20-null,chen,0.2,null,q0C1C,NA
chen-sd20-null,chen,0.2,null,q1C0C,NA
chen-sd20-null,chen,0.2,null,q0C0A,NA
chen-sd20-null,chen,0.2,null,q0C0B,NA
chen-sd20-null,chen,0.2,null,q0C0D,NA
chen-sd20-null,chen,0.2,null,q1C1A,NA
chen-sd20-null,chen,0.2,null,q1C1B,NA
chen-sd20-null,chen,0.2,null,q1C1D,NA
chen-sd20-null,chen,0.2,null,q0D1D,NA
chen-sd20-null,chen,0.2,null,q1D0D,NA
chen-sd20-null,chen,0.2,null,q0D0A,NA
chen-sd20-null,chen,0.2,null,q0D0B,NA
chen-sd20-null,chen,0.2,null,q0D0C,NA
chen-sd20-null,chen,0.2,null,q1D1A,NA
chen-sd20-null,chen,0.2,null,q1D1B,NA
chen-sd20-null,chen,0.2,null,q1D1C,NA
chen-sd10-bisse-equal,chen,0.1,bisse,turnover0A,2.061153622438558e-9
chen-sd10-bisse-equal,chen,0.1,bisse,turnover1A,0.1392080391421355
chen-sd10-bisse-equal,chen,0.1,bisse,turnover0B,NA
chen-sd10-bisse-equal,chen,0.1,bisse,turnover1B,NA
chen-sd10-bisse-equal,chen,0.1,bisse,turnover0C,NA
chen-sd10-bisse-equal,chen,0.1,bisse,turnover1C,NA
chen-sd10-bisse-equal,chen,0.1,bisse,turnover0D,NA
chen-sd10-bisse-equal,chen,0.1,bisse,turnover1D,NA
chen-sd10-bisse-equal,chen,0.1,bisse,eps0A,2.061153622438558e-9
chen-sd10-bisse-equal,chen,0.1,bisse,q0A1A,0.0624689859768496
chen-sd10-bisse-equal,chen,0.1,bisse,q1A0A,0.0624689859768496
chen-sd10-bisse-equal,chen,0.1,bisse,q0A0B,NA
chen-sd10-bisse-equal,chen,0.1,bisse,q0A0C,NA
chen-sd10-bisse-equal,chen,0.1,bisse,q0A0D,NA
chen-sd10-bisse-equal,chen,0.1,bisse,q1A1B,NA
chen-sd10-bisse-equal,chen,0.1,bisse,q1A1C,NA
chen-sd10-bisse-equal,chen,0.1,bisse,q1A1D,NA
chen-sd10-bisse-equal,chen,0.1,bisse,q0B1B,NA
chen-sd10-bisse-equal,chen,0.1,bisse,q1B0B,NA
chen-sd10-bisse-equal,chen,0.1,bisse,q0B0A,NA
chen-sd10-bisse-equal,chen,0.1,bisse,q0B0C,NA
chen-sd10-bisse-equal,chen,0.1,bisse,q0B0D,NA
chen-sd10-bisse-equal,chen,0.1,bisse,q1B1A,NA
chen-sd10-bisse-equal,chen,0.1,bisse,q1B1C,NA
chen-sd10-bisse-equal,chen,0.1,bisse,q1B1D,NA
chen-sd10-bisse-equal,chen,0.1,bisse,q0C1C,NA
chen-sd10-bisse-equal,chen,0.1,bisse,q1C0C,NA
chen-sd10-bisse-equal,chen,0.1,bisse,q0C0A,NA
chen-sd10-bisse-equal,chen,0.1,bisse,q0C0B,NA
chen-sd10-bisse-equal,chen,0.1,bisse,q0C0D,NA
chen-sd10-bisse-equal,chen,0.1,bisse,q1C1A,NA
chen-sd10-bisse-equal,chen,0.1,bisse,q1C1B,NA
chen-sd10-bisse-equal,chen,0.1,bisse,q1C1D,NA
chen-sd10-bisse-equal,chen,0.1,bisse,q0D1D,NA
chen-sd10-bisse-equal,chen,0.1,bisse,q1D0D,NA
chen-sd10-bisse-equal,chen,0.1,bisse,q0D0A,NA
chen-sd10-bisse-equal,chen,0.1,bisse,q0D0B,NA
chen-sd10-bisse-equal,chen,0.1,bisse,q0D0C,NA
chen-sd10-bisse-equal,chen,0.1,bisse,q1D1A,NA
chen-sd10-bisse-equal,chen,0.1,bisse,q1D1B,NA
chen-sd10-bisse-equal,chen,0.1,bisse,q1D1C,NA
chen-sd10-bisse,chen,0.1,bisse,turnover0A,2.061153622438558e-9
chen-sd10-bisse,chen,0.1,bisse,turnover1A,0.13700345037909092
chen-sd10-bisse,chen,0.1,bisse,turnover0B,NA
chen-sd10-bisse,chen,0.1,bisse,turnover1B,NA
chen-sd10-bisse,chen,0.1,bisse,turnover0C,NA
chen-sd10-bisse,chen,0.1,bisse,turnover1C,NA
chen-sd10-bisse,chen,0.1,bisse,turnover0D,NA
chen-sd10-bisse,chen,0.1,bisse,turnover1D,NA
chen-sd10-bisse,chen,0.1,bisse,eps0A,2.061153622438558e-9
chen-sd10-bisse,chen,0.1,bisse,q0A1A,0.01751384371277434
chen-sd10-bisse,chen,0.1,bisse,q1A0A,0.053729982689925015
chen-sd10-bisse,chen,0.1,bisse,q0A0B,NA
chen-sd10-bisse,chen,0.1,bisse,q0A0C,NA
chen-sd10-bisse,chen,0.1,bisse,q0A0D,NA
chen-sd10-bisse,chen,0.1,bisse,q1A1B,NA
chen-sd10-bisse,chen,0.1,bisse,q1A1C,NA
chen-sd10-bisse,chen,0.1,bisse,q1A1D,NA
chen-sd10-bisse,chen,0.1,bisse,q0B1B,NA
chen-sd10-bisse,chen,0.1,bisse,q1B0B,NA
chen-sd10-bisse,chen,0.1,bisse,q0B0A,NA
chen-sd10-bisse,chen,0.1,bisse,q0B0C,NA
chen-sd10-bisse,chen,0.1,bisse,q0B0D,NA
chen-sd10-bisse,chen,0.1,bisse,q1B1A,NA
chen-sd10-bisse,chen,0.1,bisse,q1B1C,NA
chen-sd10-bisse,chen,0.1,bisse,q1B1D,NA
chen-sd10-bisse,chen,0.1,bisse,q0C1C,NA
chen-sd10-bisse,chen,0.1,bisse,q1C0C,NA
chen-sd10-bisse,chen,0.1,bisse,q0C0A,NA
chen-sd10-bisse,chen,0.1,bisse,q0C0B,NA
chen-sd10-bisse,chen,0.1,bisse,q0C0D,NA
chen-sd10-bisse,chen,0.1,bisse,q1C1A,NA
chen-sd10-bisse,chen,0.1,bisse,q1C1B,NA
chen-sd10-bisse,chen,0.1,bisse,q1C1D,NA
chen-sd10-bisse,chen,0.1,bisse,q0D1D,NA
chen-sd10-bisse,chen,0.1,bisse,q1D0D,NA
chen-sd10-bisse,chen,0.1,bisse,q0D0A,NA
chen-sd10-bisse,chen,0.1,bisse,q0D0B,NA
chen-sd10-bisse,chen,0.1,bisse,q0D0C,NA
chen-sd10-bisse,chen,0.1,bisse,q1D1A,NA
chen-sd10-bisse,chen,0.1,bisse,q1D1B,NA
chen-sd10-bisse,chen,0.1,bisse,q1D1C,NA
chen-sd10-cid2-equal,chen,0.1,cid2,turnover0A,2.061153622438558e-9
chen-sd10-cid2-equal,chen,0.1,cid2,turnover1A,2.061153622438558e-9
chen-sd10-cid2-equal,chen,0.1,cid2,turnover0B,0.1344946687352292
chen-sd10-cid2-equal,chen,0.1,cid2,turnover1B,0.1344946687352292
chen-sd10-cid2-equal,chen,0.1,cid2,turnover0C,NA
chen-sd10-cid2-equal,chen,0.1,cid2,turnover1C,NA
chen-sd10-cid2-equal,chen,0.1,cid2,turnover0D,NA
chen-sd10-cid2-equal,chen,0.1,cid2,turnover1D,NA
chen-sd10-cid2-equal,chen,0.1,cid2,eps0A,2.061153622438558e-9
chen-sd10-cid2-equal,chen,0.1,cid2,q0A1A,0.05453115036365207
chen-sd10-cid2-equal,chen,0.1,cid2,q1A0A,0.05453115036365207
chen-sd10-cid2-equal,chen,0.1,cid2,q0A0B,0.05453115036365207
chen-sd10-cid2-equal,chen,0.1,cid2,q0A0C,NA
chen-sd10-cid2-equal,chen,0.1,cid2,q0A0D,NA
chen-sd10-cid2-equal,chen,0.1,cid2,q1A1B,0.05453115036365207
chen-sd10-cid2-equal,chen,0.1,cid2,q1A1C,NA
chen-sd10-cid2-equal,chen,0.1,cid2,q1A1D,NA
chen-sd10-cid2-equal,chen,0.1,cid2,q0B1B,0.05453115036365207
chen-sd10-cid2-equal,chen,0.1,cid2,q1B0B,0.05453115036365207
chen-sd10-cid2-equal,chen,0.1,cid2,q0B0A,0.05453115036365207
chen-sd10-cid2-equal,chen,0.1,cid2,q0B0C,NA
chen-sd10-cid2-equal,chen,0.1,cid2,q0B0D,NA
chen-sd10-cid2-equal,chen,0.1,cid2,q1B1A,0.05453115036365207
chen-sd10-cid2-equal,chen,0.1,cid2,q1B1C,NA
chen-sd10-cid2-equal,chen,0.1,cid2,q1B1D,NA
chen-sd10-cid2-equal,chen,0.1,cid2,q0C1C,NA
chen-sd10-cid2-equal,chen,0.1,cid2,q1C0C,NA
chen-sd10-cid2-equal,chen,0.1,cid2,q0C0A,NA
chen-sd10-cid2-equal,chen,0.1,cid2,q0C0B,NA
chen-sd10-cid2-equal,chen,0.1,cid2,q0C0D,NA
chen-sd10-cid2-equal,chen,0.1,cid2,q1C1A,NA
chen-sd10-cid2-equal,chen,0.1,cid2,q1C1B,NA
chen-sd10-cid2-equal,chen,0.1,cid2,q1C1D,NA
chen-sd10-cid2-equal,chen,0.1,cid2,q0D1D,NA
chen-sd10-cid2-equal,chen,0.1,cid2,q1D0D,NA
chen-sd10-cid2-equal,chen,0.1,cid2,q0D0A,NA
chen-sd10-cid2-equal,chen,0.1,cid2,q0D0B,NA
chen-sd10-cid2-equal,chen,0.1,cid2,q0D0C,NA
chen-sd10-cid2-equal,chen,0.1,cid2,q1D1A,NA
chen-sd10-cid2-equal,chen,0.1,cid2,q1D1B,NA
chen-sd10-cid2-equal,chen,0.1,cid2,q1D1C,NA
chen-sd10-cid2,chen,0.1,cid2,turnover0A,2.061153622438558e-9
chen-sd10-cid2,chen,0.1,cid2,turnover1A,2.061153622438558e-9
chen-sd10-cid2,chen,0.1,cid2,turnover0B,0.15115815577056105
chen-sd10-cid2,chen,0.1,cid2,turnover1B,0.15115815577056105
chen-sd10-cid2,chen,0.1,cid2,turnover0C,NA
chen-sd10-cid2,chen,0.1,cid2,turnover1C,NA
chen-sd10-cid2,chen,0.1,cid2,turnover0D,NA
chen-sd10-cid2,chen,0.1,cid2,turnover1D,NA
chen-sd10-cid2,chen,0.1,cid2,eps0A,2.061153622438558e-9
chen-sd10-cid2,chen,0.1,cid2,q0A1A,0.07228735069655565
chen-sd10-cid2,chen,0.1,cid2,q1A0A,0.04618823001511283
chen-sd10-cid2,chen,0.1,cid2,q0A0B,0.11465389194677468
chen-sd10-cid2,chen,0.1,cid2,q0A0C,NA
chen-sd10-cid2,chen,0.1,cid2,q0A0D,NA
chen-sd10-cid2,chen,0.1,cid2,q1A1B,0.11465389194677468
chen-sd10-cid2,chen,0.1,cid2,q1A1C,NA
chen-sd10-cid2,chen,0.1,cid2,q1A1D,NA
chen-sd10-cid2,chen,0.1,cid2,q0B1B,0.07228735069655565
chen-sd10-cid2,chen,0.1,cid2,q1B0B,0.04618823001511283
chen-sd10-cid2,chen,0.1,cid2,q0B0A,0.11465389194677468
chen-sd10-cid2,chen,0.1,cid2,q0B0C,NA
chen-sd10-cid2,chen,0.1,cid2,q0B0D,NA
chen-sd10-cid2,chen,0.1,cid2,q1B1A,0.11465389194677468
chen-sd10-cid2,chen,0.1,cid2,q1B1C,NA
chen-sd10-cid2,chen,0.1,cid2,q1B1D,NA
chen-sd10-cid2,chen,0.1,cid2,q0C1C,NA
chen-sd10-cid2,chen,0.1,cid2,q1C0C,NA
chen-sd10-cid2,chen,0.1,cid2,q0C0A,NA
chen-sd10-cid2,chen,0.1,cid2,q0C0B,NA
chen-sd10-cid2,chen,0.1,cid2,q0C0D,NA
chen-sd10-cid2,chen,0.1,cid2,q1C1A,NA
chen-sd10-cid2,chen,0.1,cid2,q1C1B,NA
chen-sd10-cid2,chen,0.1,cid2,q1C1D,NA
chen-sd10-cid2,chen,0.1,cid2,q0D1D,NA
chen-sd10-cid2,chen,0.1,cid2,q1D0D,NA
chen-sd10-cid2,chen,0.1,cid2,q0D0A,NA
chen-sd10-cid2,chen,0.1,cid2,q0D0B,NA
chen-sd10-cid2,chen,0.1,cid2,q0D0C,NA
chen-sd10-cid2,chen,0.1,cid2,q1D1A,NA
chen-sd10-cid2,chen,0.1,cid2,q1D1B,NA
chen-sd10-cid2,chen,0.1,cid2,q1D1C,NA
chen-sd10-cid4-equal,chen,0.1,cid4,turnover0A,2.061153622438558e-9
chen-sd10-cid4-equal,chen,0.1,cid4,turnover1A,2.061153622438558e-9
chen-sd10-cid4-equal,chen,0.1,cid4,turnover0B,0.019910317836653393
chen-sd10-cid4-equal,chen,0.1,cid4,turnover1B,0.019910317836653393
chen-sd10-cid4-equal,chen,0.1,cid4,turnover0C,0.17724005840847792
chen-sd10-cid4-equal,chen,0.1,cid4,turnover1C,0.17724005840847792
chen-sd10-cid4-equal,chen,0.1,cid4,turnover0D,0.01991743620483846
chen-sd10-cid4-equal,chen,0.1,cid4,turnover1D,0.01991743620483846
chen-sd10-cid4-equal,chen,0.1,cid4,eps0A,2.061153622438558e-9
chen-sd10-cid4-equal,chen,0.1,cid4,q0A1A,0.04836302012760537
chen-sd10-cid4-equal,chen,0.1,cid4,q1A0A,0.04836302012760537
chen-sd10-cid4-equal,chen,0.1,cid4,q0A0B,0.04836302012760537
chen-sd10-cid4-equal,chen,0.1,cid4,q0A0C,0.04836302012760537
chen-sd10-cid4-equal,chen,0.1,cid4,q0A0D,0.04836302012760537
chen-sd10-cid4-equal,chen,0.1,cid4,q1A1B,0.04836302012760537
chen-sd10-cid4-equal,chen,0.1,cid4,q1A1C,0.04836302012760537
chen-sd10-cid4-equal,chen,0.1,cid4,q1A1D,0.04836302012760537
chen-sd10-cid4-equal,chen,0.1,cid4,q0B1B,0.04836302012760537
chen-sd10-cid4-equal,chen,0.1,cid4,q1B0B,0.04836302012760537
chen-sd10-cid4-equal,chen,0.1,cid4,q0B0A,0.04836302012760537
chen-sd10-cid4-equal,chen,0.1,cid4,q0B0C,0.04836302012760537
chen-sd10-cid4-equal,chen,0.1,cid4,q0B0D,0.04836302012760537
chen-sd10-cid4-equal,chen,0.1,cid4,q1B1A,0.04836302012760537
chen-sd10-cid4-equal,chen,0.1,cid4,q1B1C,0.04836302012760537
chen-sd10-cid4-equal,chen,0.1,cid4,q1B1D,0.04836302012760537
chen-sd10-cid4-equal,chen,0.1,cid4,q0C1C,0.04836302012760537
chen-sd10-cid4-equal,chen,0.1,cid4,q1C0C,0.04836302012760537
chen-sd10-cid4-equal,chen,0.1,cid4,q0C0A,0.04836302012760537
chen-sd10-cid4-equal,chen,0.1,cid4,q0C0B,0.04836302012760537
chen-sd10-cid4-equal,chen,0.1,cid4,q0C0D,0.04836302012760537
chen-sd10-cid4-equal,chen,0.1,cid4,q1C1A,0.04836302012760537
chen-sd10-cid4-equal,chen,0.1,cid4,q1C1B,0.04836302012760537
chen-sd10-cid4-equal,chen,0.1,cid4,q1C1D,0.04836302012760537
chen-sd10-cid4-equal,chen,0.1,cid4,q0D1D,0.04836302012760537
chen-sd10-cid4-equal,chen,0.1,cid4,q1D0D,0.04836302012760537
chen-sd10-cid4-equal,chen,0.1,cid4,q0D0A,0.04836302012760537
chen-sd10-cid4-equal,chen,0.1,cid4,q0D0B,0.04836302012760537
chen-sd10-cid4-equal,chen,0.1,cid4,q0D0C,0.04836302012760537
chen-sd10-cid4-equal,chen,0.1,cid4,q1D1A,0.04836302012760537
chen-sd10-cid4-equal,chen,0.1,cid4,q1D1B,0.04836302012760537
chen-sd10-cid4-equal,chen,0.1,cid4,q1D1C,0.04836302012760537
chen-sd10-cid4,chen,0.1,cid4,turnover0A,0.01985286733662134
chen-sd10-cid4,chen,0.1,cid4,turnover1A,0.01985286733662134
chen-sd10-cid4,chen,0.1,cid4,turnover0B,0.019846859737907237
chen-sd10-cid4,chen,0.1,cid4,turnover1B,0.019846859737907237
chen-sd10-cid4,chen,0.1,cid4,turnover0C,2.061153622438558e-9
chen-sd10-cid4,chen,0.1,cid4,turnover1C,2.061153622438558e-9
chen-sd10-cid4,chen,0.1,cid4,turnover0D,0.1770730387013185
chen-sd10-cid4,chen,0.1,cid4,turnover1D,0.1770730387013185
chen-sd10-cid4,chen,0.1,cid4,eps0A,2.061153622438558e-9
chen-sd10-cid4,chen,0.1,cid4,q0A1A,2.061153622438558e-9
chen-sd10-cid4,chen,0.1,cid4,q1A0A,0.03923945045315177
chen-sd10-cid4,chen,0.1,cid4,q0A0B,0.04826193697173074
chen-sd10-cid4,chen,0.1,cid4,q0A0C,0.04826193697173074
chen-sd10-cid4,chen,0.1,cid4,q0A0D,0.04826193697173074
chen-sd10-cid4,chen,0.1,cid4,q1A1B,0.04826193697173074
chen-sd10-cid4,chen,0.1,cid4,q1A1C,0.04826193697173074
chen-sd10-cid4,chen,0.1,cid4,q1A1D,0.04826193697173074
chen-sd10-cid4,chen,0.1,cid4,q0B1B,2.061153622438558e-9
chen-sd10-cid4,chen,0.1,cid4,q1B0B,0.03923945045315177
chen-sd10-cid4,chen,0.1,cid4,q0B0A,0.04826193697173074
chen-sd10-cid4,chen,0.1,cid4,q0B0C,0.04826193697173074
chen-sd10-cid4,chen,0.1,cid4,q0B0D,0.04826193697173074
chen-sd10-cid4,chen,0.1,cid4,q1B1A,0.04826193697173074
chen-sd10-cid4,chen,0.1,cid4,q1B1C,0.04826193697173074
chen-sd10-cid4,chen,0.1,cid4,q1B1D,0.04826193697173074
chen-sd10-cid4,chen,0.1,cid4,q0C1C,2.061153622438558e-9
chen-sd10-cid4,chen,0.1,cid4,q1C0C,0.03923945045315177
chen-sd10-cid4,chen,0.1,cid4,q0C0A,0.04826193697173074
chen-sd10-cid4,chen,0.1,cid4,q0C0B,0.04826193697173074
chen-sd10-cid4,chen,0.1,cid4,q0C0D,0.04826193697173074
chen-sd10-cid4,chen,0.1,cid4,q1C1A,0.04826193697173074
chen-sd10-cid4,chen,0.1,cid4,q1C1B,0.04826193697173074
chen-sd10-cid4,chen,0.1,cid4,q1C1D,0.04826193697173074
chen-sd10-cid4,chen,0.1,cid4,q0D1D,2.061153622438558e-9
chen-sd10-cid4,chen,0.1,cid4,q1D0D,0.03923945045315177
chen-sd10-cid4,chen,0.1,cid4,q0D0A,0.04826193697173074
chen-sd10-cid4,chen,0.1,cid4,q0D0B,0.04826193697173074
chen-sd10-cid4,chen,0.1,cid4,q0D0C,0.04826193697173074
chen-sd10-cid4,chen,0.1,cid4,q1D1A,0.04826193697173074
chen-sd10-cid4,chen,0.1,cid4,q1D1B,0.04826193697173074
chen-sd10-cid4,chen,0.1,cid4,q1D1C,0.04826193697173074
chen-sd10-hisse-equal,chen,0.1,hisse,turnover0A,2.061153622438558e-9
chen-sd10-hisse-equal,chen,0.1,hisse,turnover1A,0.16915959227216243
chen-sd10-hisse-equal,chen,0.1,hisse,turnover0B,2.061153622438558e-9
chen-sd10-hisse-equal,chen,0.1,hisse,turnover1B,0.03458017764241827
chen-sd10-hisse-equal,chen,0.1,hisse,turnover0C,NA
chen-sd10-hisse-equal,chen,0.1,hisse,turnover1C,NA
chen-sd10-hisse-equal,chen,0.1,hisse,turnover0D,NA
chen-sd10-hisse-equal,chen,0.1,hisse,turnover1D,NA
chen-sd10-hisse-equal,chen,0.1,hisse,eps0A,2.061153622438558e-9
chen-sd10-hisse-equal,chen,0.1,hisse,q0A1A,0.06176073078940549
chen-sd10-hisse-equal,chen,0.1,hisse,q1A0A,0.06176073078940549
chen-sd10-hisse-equal,chen,0.1,hisse,q0A0B,0.06176073078940549
chen-sd10-hisse-equal,chen,0.1,hisse,q0A0C,NA
chen-sd10-hisse-equal,chen,0.1,hisse,q0A0D,NA
chen-sd10-hisse-equal,chen,0.1,hisse,q1A1B,0.06176073078940549
chen-sd10-hisse-equal,chen,0.1,hisse,q1A1C,NA
chen-sd10-hisse-equal,chen,0.1,hisse,q1A1D,NA
chen-sd10-hisse-equal,chen,0.1,hisse,q0B1B,0.06176073078940549
chen-sd10-hisse-equal,chen,0.1,hisse,q1B0B,0.06176073078940549
chen-sd10-hisse-equal,chen,0.1,hisse,q0B0A,0.06176073078940549
chen-sd10-hisse-equal,chen,0.1,hisse,q0B0C,NA
chen-sd10-hisse-equal,chen,0.1,hisse,q0B0D,NA
chen-sd10-hisse-equal,chen,0.1,hisse,q1B1A,0.06176073078940549
chen-sd10-hisse-equal,chen,0.1,hisse,q1B1C,NA
chen-sd10-hisse-equal,chen,0.1,hisse,q1B1D,NA
chen-sd10-hisse-equal,chen,0.1,hisse,q0C1C,NA
chen-sd10-hisse-equal,chen,0.1,hisse,q1C0C,NA
chen-sd10-hisse-equal,chen,0.1,hisse,q0C0A,NA
chen-sd10-hisse-equal,chen,0.1,hisse,q0C0B,NA
chen-sd10-hisse-equal,chen,0.1,hisse,q0C0D,NA
chen-sd10-hisse-equal,chen,0.1,hisse,q1C1A,NA
chen-sd10-hisse-equal,chen,0.1,hisse,q1C1B,NA
chen-sd10-hisse-equal,chen,0.1,hisse,q1C1D,NA
chen-sd10-hisse-equal,chen,0.1,hisse,q0D1D,NA
chen-sd10-hisse-equal,chen,0.1,hisse,q1D0D,NA
chen-sd10-hisse-equal,chen,0.1,hisse,q0D0A,NA
chen-sd10-hisse-equal,chen,0.1,hisse,q0D0B,NA
chen-sd10-hisse-equal,chen,0.1,hisse,q0D0C,NA
chen-sd10-hisse-equal,chen,0.1,hisse,q1D1A,NA
chen-sd10-hisse-equal,chen,0.1,hisse,q1D1B,NA
chen-sd10-hisse-equal,chen,0.1,hisse,q1D1C,NA
chen-sd10-hisse,chen,0.1,hisse,turnover0A,2.0716585545038936e-9
chen-sd10-hisse,chen,0.1,hisse,turnover1A,0.14483681484809557
chen-sd10-hisse,chen,0.1,hisse,turnover0B,4.109305848899793e-9
chen-sd10-hisse,chen,0.1,hisse,turnover1B,2.3380107782662026e-9
chen-sd10-hisse,chen,0.1,hisse,turnover0C,NA
chen-sd10-hisse,chen,0.1,hisse,turnover1C,NA
chen-sd10-hisse,chen,0.1,hisse,turnover0D,NA
chen-sd10-hisse,chen,0.1,hisse,turnover1D,NA
chen-sd10-hisse,chen,0.1,hisse,eps0A,2.828165607339344e-9
chen-sd10-hisse,chen,0.1,hisse,q0A1A,2.2998385176822736e-9
chen-sd10-hisse,chen,0.1,hisse,q1A0A,0.0317542861850296
chen-sd10-hisse,chen,0.1,hisse,q0A0B,0.03096245762412311
chen-sd10-hisse,chen,0.1,hisse,q0A0C,NA
chen-sd10-hisse,chen,0.1,hisse,q0A0D,NA
chen-sd10-hisse,chen,0.1,hisse,q1A1B,0.03096245762412311
chen-sd10-hisse,chen,0.1,hisse,q1A1C,NA
chen-sd10-hisse,chen,0.1,hisse,q1A1D,NA
chen-sd10-hisse,chen,0.1,hisse,q0B1B,42.00468805367248
chen-sd10-hisse,chen,0.1,hisse,q1B0B,83.43679812764726
chen-sd10-hisse,chen,0.1,hisse,q0B0A,0.03096245762412311
chen-sd10-hisse,chen,0.1,hisse,q0B0C,NA
chen-sd10-hisse,chen,0.1,hisse,q0B0D,NA
chen-sd10-hisse,chen,0.1,hisse,q1B1A,0.03096245762412311
chen-sd10-hisse,chen,0.1,hisse,q1B1C,NA
chen-sd10-hisse,chen,0.1,hisse,q1B1D,NA
chen-sd10-hisse,chen,0.1,hisse,q0C1C,NA
chen-sd10-hisse,chen,0.1,hisse,q1C0C,NA
chen-sd10-hisse,chen,0.1,hisse,q0C0A,NA
chen-sd10-hisse,chen,0.1,hisse,q0C0B,NA
chen-sd10-hisse,chen,0.1,hisse,q0C0D,NA
chen-sd10-hisse,chen,0.1,hisse,q1C1A,NA
chen-sd10-hisse,chen,0.1,hisse,q1C1B,NA
chen-sd10-hisse,chen,0.1,hisse,q1C1D,NA
chen-sd10-hisse,chen,0.1,hisse,q0D1D,NA
chen-sd10-hisse,chen,0.1,hisse,q1D0D,NA
chen-sd10-hisse,chen,0.1,hisse,q0D0A,NA
chen-sd10-hisse,chen,0.1,hisse,q0D0B,NA
chen-sd10-hisse,chen,0.1,hisse,q0D0C,NA
chen-sd10-hisse,chen,0.1,hisse,q1D1A,NA
chen-sd10-hisse,chen,0.1,hisse,q1D1B,NA
chen-sd10-hisse,chen,0.1,hisse,q1D1C,NA
chen-sd10-null-equal,chen,0.1,null,turnover0A,0.10121507497996773
chen-sd10-null-equal,chen,0.1,null,turnover1A,0.10121507497996773
chen-sd10-null-equal,chen,0.1,null,turnover0B,NA
chen-sd10-null-equal,chen,0.1,null,turnover1B,NA
chen-sd10-null-equal,chen,0.1,null,turnover0C,NA
chen-sd10-null-equal,chen,0.1,null,turnover1C,NA
chen-sd10-null-equal,chen,0.1,null,turnover0D,NA
chen-sd10-null-equal,chen,0.1,null,turnover1D,NA
chen-sd10-null-equal,chen,0.1,null,eps0A,2.061153622438558e-9
chen-sd10-null-equal,chen,0.1,null,q0A1A,0.04834159491331849
chen-sd10-null-equal,chen,0.1,null,q1A0A,0.04834159491331849
chen-sd10-null-equal,chen,0.1,null,q0A0B,NA
chen-sd10-null-equal,chen,0.1,null,q0A0C,NA
chen-sd10-null-equal,chen,0.1,null,q0A0D,NA
chen-sd10-null-equal,chen,0.1,null,q1A1B,NA
chen-sd10-null-equal,chen,0.1,null,q1A1C,NA
chen-sd10-null-equal,chen,0.1,null,q1A1D,NA
chen-sd10-null-equal,chen,0.1,null,q0B1B,NA
chen-sd10-null-equal,chen,0.1,null,q1B0B,NA
chen-sd10-null-equal,chen,0.1,null,q0B0A,NA
chen-sd10-null-equal,chen,0.1,null,q0B0C,NA
chen-sd10-null-equal,chen,0.1,null,q0B0D,NA
chen-sd10-null-equal,chen,0.1,null,q1B1A,NA
chen-sd10-null-equal,chen,0.1,null,q1B1C,NA
chen-sd10-null-equal,chen,0.1,null,q1B1D,NA
chen-sd10-null-equal,chen,0.1,null,q0C1C,NA
chen-sd10-null-equal,chen,0.1,null,q1C0C,NA
chen-sd10-null-equal,chen,0.1,null,q0C0A,NA
chen-sd10-null-equal,chen,0.1,null,q0C0B,NA
chen-sd10-null-equal,chen,0.1,null,q0C0D,NA
chen-sd10-null-equal,chen,0.1,null,q1C1A,NA
chen-sd10-null-equal,chen,0.1,null,q1C1B,NA
chen-sd10-null-equal,chen,0.1,null,q1C1D,NA
chen-sd10-null-equal,chen,0.1,null,q0D1D,NA
chen-sd10-null-equal,chen,0.1,null,q1D0D,NA
chen-sd10-null-equal,chen,0.1,null,q0D0A,NA
chen-sd10-null-equal,chen,0.1,null,q0D0B,NA
chen-sd10-null-equal,chen,0.1,null,q0D0C,NA
chen-sd10-null-equal,chen,0.1,null,q1D1A,NA
chen-sd10-null-equal,chen,0.1,null,q1D1B,NA
chen-sd10-null-equal,chen,0.1,null,q1D1C,NA
chen-sd10-null,chen,0.1,null,turnover0A,0.10121469838030071
chen-sd10-null,chen,0.1,null,turnover1A,0.10121469838030071
chen-sd10-null,chen,0.1,null,turnover0B,NA
chen-sd10-null,chen,0.1,null,turnover1B,NA
chen-sd10-null,chen,0.1,null,turnover0C,NA
chen-sd10-null,chen,0.1,null,turnover1C,NA
chen-sd10-null,chen,0.1,null,turnover0D,NA
chen-sd10-null,chen,0.1,null,turnover1D,NA
chen-sd10-null,chen,0.1,null,eps0A,2.061153622438558e-9
chen-sd10-null,chen,0.1,null,q0A1A,0.07227183635021268
chen-sd10-null,chen,0.1,null,q1A0A,0.0462045151973355
chen-sd10-null,chen,0.1,null,q0A0B,NA
chen-sd10-null,chen,0.1,null,q0A0C,NA
chen-sd10-null,chen,0.1,null,q0A0D,NA
chen-sd10-null,chen,0.1,null,q1A1B,NA
chen-sd10-null,chen,0.1,null,q1A1C,NA
chen-sd10-null,chen,0.1,null,q1A1D,NA
chen-sd10-null,chen,0.1,null,q0B1B,NA
chen-sd10-null,chen,0.1,null,q1B0B,NA
chen-sd10-null,chen,0.1,null,q0B0A,NA
chen-sd10-null,chen,0.1,null,q0B0C,NA
chen-sd10-null,chen,0.1,null,q0B0D,NA
chen-sd10-null,chen,0.1,null,q1B1A,NA
chen-sd10-null,chen,0.1,null,q1B1C,NA
chen-sd10-null,chen,0.1,null,q1B1D,NA
chen-sd10-null,chen,0.1,null,q0C1C,NA
chen-sd10-null,chen,0.1,null,q1C0C,NA
chen-sd10-null,chen,0.1,null,q0C0A,NA
chen-sd10-null,chen,0.1,null,q0C0B,NA
chen-sd10-null,chen,0.1,null,q0C0D,NA
chen-sd10-null,chen,0.1,null,q1C1A,NA
chen-sd10-null,chen,0.1,null,q1C1B,NA
chen-sd10-null,chen,0.1,null,q1C1D,NA
chen-sd10-null,chen,0.1,null,q0D1D,NA
chen-sd10-null,chen,0.1,null,q1D0D,NA
chen-sd10-null,chen,0.1,null,q0D0A,NA
chen-sd10-null,chen,0.1,null,q0D0B,NA
chen-sd10-null,chen,0.1,null,q0D0C,NA
chen-sd10-null,chen,0.1,null,q1D1A,NA
chen-sd10-null,chen,0.1,null,q1D1B,NA
chen-sd10-null,chen,0.1,null,q1D1C,NA
bibi-sd20-bisse-equal,bibi,0.2,bisse,turnover0A,0.10983977019278911
bibi-sd20-bisse-equal,bibi,0.2,bisse,turnover1A,0.16547898159466368
bibi-sd20-bisse-equal,bibi,0.2,bisse,turnover0B,NA
bibi-sd20-bisse-equal,bibi,0.2,bisse,turnover1B,NA
bibi-sd20-bisse-equal,bibi,0.2,bisse,turnover0C,NA
bibi-sd20-bisse-equal,bibi,0.2,bisse,turnover1C,NA
bibi-sd20-bisse-equal,bibi,0.2,bisse,turnover0D,NA
bibi-sd20-bisse-equal,bibi,0.2,bisse,turnover1D,NA
bibi-sd20-bisse-equal,bibi,0.2,bisse,eps0A,2.061153622438558e-9
bibi-sd20-bisse-equal,bibi,0.2,bisse,q0A1A,0.06008830692808812
bibi-sd20-bisse-equal,bibi,0.2,bisse,q1A0A,0.06008830692808812
bibi-sd20-bisse-equal,bibi,0.2,bisse,q0A0B,NA
bibi-sd20-bisse-equal,bibi,0.2,bisse,q0A0C,NA
bibi-sd20-bisse-equal,bibi,0.2,bisse,q0A0D,NA
bibi-sd20-bisse-equal,bibi,0.2,bisse,q1A1B,NA
bibi-sd20-bisse-equal,bibi,0.2,bisse,q1A1C,NA
bibi-sd20-bisse-equal,bibi,0.2,bisse,q1A1D,NA
bibi-sd20-bisse-equal,bibi,0.2,bisse,q0B1B,NA
bibi-sd20-bisse-equal,bibi,0.2,bisse,q1B0B,NA
bibi-sd20-bisse-equal,bibi,0.2,bisse,q0B0A,NA
bibi-sd20-bisse-equal,bibi,0.2,bisse,q0B0C,NA
bibi-sd20-bisse-equal,bibi,0.2,bisse,q0B0D,NA
bibi-sd20-bisse-equal,bibi,0.2,bisse,q1B1A,NA
bibi-sd20-bisse-equal,bibi,0.2,bisse,q1B1C,NA
bibi-sd20-bisse-equal,bibi,0.2,bisse,q1B1D,NA
bibi-sd20-bisse-equal,bibi,0.2,bisse,q0C1C,NA
bibi-sd20-bisse-equal,bibi,0.2,bisse,q1C0C,NA
bibi-sd20-bisse-equal,bibi,0.2,bisse,q0C0A,NA
bibi-sd20-bisse-equal,bibi,0.2,bisse,q0C0B,NA
bibi-sd20-bisse-equal,bibi,0.2,bisse,q0C0D,NA
bibi-sd20-bisse-equal,bibi,0.2,bisse,q1C1A,NA
bibi-sd20-bisse-equal,bibi,0.2,bisse,q1C1B,NA
bibi-sd20-bisse-equal,bibi,0.2,bisse,q1C1D,NA
bibi-sd20-bisse-equal,bibi,0.2,bisse,q0D1D,NA
bibi-sd20-bisse-equal,bibi,0.2,bisse,q1D0D,NA
bibi-sd20-bisse-equal,bibi,0.2,bisse,q0D0A,NA
bibi-sd20-bisse-equal,bibi,0.2,bisse,q0D0B,NA
bibi-sd20-bisse-equal,bibi,0.2,bisse,q0D0C,NA
bibi-sd20-bisse-equal,bibi,0.2,bisse,q1D1A,NA
bibi-sd20-bisse-equal,bibi,0.2,bisse,q1D1B,NA
bibi-sd20-bisse-equal,bibi,0.2,bisse,q1D1C,NA
bibi-sd20-bisse,bibi,0.2,bisse,turnover0A,0.09131959357294954
bibi-sd20-bisse,bibi,0.2,bisse,turnover1A,0.173046592350816
bibi-sd20-bisse,bibi,0.2,bisse,turnover0B,NA
bibi-sd20-bisse,bibi,0.2,bisse,turnover1B,NA
bibi-sd20-bisse,bibi,0.2,bisse,turnover0C,NA
bibi-sd20-bisse,bibi,0.2,bisse,turnover1C,NA
bibi-sd20-bisse,bibi,0.2,bisse,turnover0D,NA
bibi-sd20-bisse,bibi,0.2,bisse,turnover1D,NA
bibi-sd20-bisse,bibi,0.2,bisse,eps0A,2.0615471923027487e-9
bibi-sd20-bisse,bibi,0.2,bisse,q0A1A,0.01274198683416625
bibi-sd20-bisse,bibi,0.2,bisse,q1A0A,0.06745125266510867
bibi-sd20-bisse,bibi,0.2,bisse,q0A0B,NA
bibi-sd20-bisse,bibi,0.2,bisse,q0A0C,NA
bibi-sd20-bisse,bibi,0.2,bisse,q0A0D,NA
bibi-sd20-bisse,bibi,0.2,bisse,q1A1B,NA
bibi-sd20-bisse,bibi,0.2,bisse,q1A1C,NA
bibi-sd20-bisse,bibi,0.2,bisse,q1A1D,NA
bibi-sd20-bisse,bibi,0.2,bisse,q0B1B,NA
bibi-sd20-bisse,bibi,0.2,bisse,q1B0B,NA
bibi-sd20-bisse,bibi,0.2,bisse,q0B0A,NA
bibi-sd20-bisse,bibi,0.2,bisse,q0B0C,NA
bibi-sd20-bisse,bibi,0.2,bisse,q0B0D,NA
bibi-sd20-bisse,bibi,0.2,bisse,q1B1A,NA
bibi-sd20-bisse,bibi,0.2,bisse,q1B1C,NA
bibi-sd20-bisse,bibi,0.2,bisse,q1B1D,NA
bibi-sd20-bisse,bibi,0.2,bisse,q0C1C,NA
bibi-sd20-bisse,bibi,0.2,bisse,q1C0C,NA
bibi-sd20-bisse,bibi,0.2,bisse,q0C0A,NA
bibi-sd20-bisse,bibi,0.2,bisse,q0C0B,NA
bibi-sd20-bisse,bibi,0.2,bisse,q0C0D,NA
bibi-sd20-bisse,bibi,0.2,bisse,q1C1A,NA
bibi-sd20-bisse,bibi,0.2,bisse,q1C1B,NA
bibi-sd20-bisse,bibi,0.2,bisse,q1C1D,NA
bibi-sd20-bisse,bibi,0.2,bisse,q0D1D,NA
bibi-sd20-bisse,bibi,0.2,bisse,q1D0D,NA
bibi-sd20-bisse,bibi,0.2,bisse,q0D0A,NA
bibi-sd20-bisse,bibi,0.2,bisse,q0D0B,NA
bibi-sd20-bisse,bibi,0.2,bisse,q0D0C,NA
bibi-sd20-bisse,bibi,0.2,bisse,q1D1A,NA
bibi-sd20-bisse,bibi,0.2,bisse,q1D1B,NA
bibi-sd20-bisse,bibi,0.2,bisse,q1D1C,NA
bibi-sd20-cid2-equal,bibi,0.2,cid2,turnover0A,0.010693459804584929
bibi-sd20-cid2-equal,bibi,0.2,cid2,turnover1A,0.010693459804584929
bibi-sd20-cid2-equal,bibi,0.2,cid2,turnover0B,0.1895050336750957
bibi-sd20-cid2-equal,bibi,0.2,cid2,turnover1B,0.1895050336750957
bibi-sd20-cid2-equal,bibi,0.2,cid2,turnover0C,NA
bibi-sd20-cid2-equal,bibi,0.2,cid2,turnover1C,NA
bibi-sd20-cid2-equal,bibi,0.2,cid2,turnover0D,NA
bibi-sd20-cid2-equal,bibi,0.2,cid2,turnover1D,NA
bibi-sd20-cid2-equal,bibi,0.2,cid2,eps0A,2.061153622438558e-9
bibi-sd20-cid2-equal,bibi,0.2,cid2,q0A1A,0.0666351719917871
bibi-sd20-cid2-equal,bibi,0.2,cid2,q1A0A,0.0666351719917871
bibi-sd20-cid2-equal,bibi,0.2,cid2,q0A0B,0.0666351719917871
bibi-sd20-cid2-equal,bibi,0.2,cid2,q0A0C,NA
bibi-sd20-cid2-equal,bibi,0.2,cid2,q0A0D,NA
bibi-sd20-cid2-equal,bibi,0.2,cid2,q1A1B,0.0666351719917871
bibi-sd20-cid2-equal,bibi,0.2,cid2,q1A1C,NA
bibi-sd20-cid2-equal,bibi,0.2,cid2,q1A1D,NA
bibi-sd20-cid2-equal,bibi,0.2,cid2,q0B1B,0.0666351719917871
bibi-sd20-cid2-equal,bibi,0.2,cid2,q1B0B,0.0666351719917871
bibi-sd20-cid2-equal,bibi,0.2,cid2,q0B0A,0.0666351719917871
bibi-sd20-cid2-equal,bibi,0.2,cid2,q0B0C,NA
bibi-sd20-cid2-equal,bibi,0.2,cid2,q0B0D,NA
bibi-sd20-cid2-equal,bibi,0.2,cid2,q1B1A,0.0666351719917871
bibi-sd20-cid2-equal,bibi,0.2,cid2,q1B1C,NA
bibi-sd20-cid2-equal,bibi,0.2,cid2,q1B1D,NA
bibi-sd20-cid2-equal,bibi,0.2,cid2,q0C1C,NA
bibi-sd20-cid2-equal,bibi,0.2,cid2,q1C0C,NA
bibi-sd20-cid2-equal,bibi,0.2,cid2,q0C0A,NA
bibi-sd20-cid2-equal,bibi,0.2,cid2,q0C0B,NA
bibi-sd20-cid2-equal,bibi,0.2,cid2,q0C0D,NA
bibi-sd20-cid2-equal,bibi,0.2,cid2,q1C1A,NA
bibi-sd20-cid2-equal,bibi,0.2,cid2,q1C1B,NA
bibi-sd20-cid2-equal,bibi,0.2,cid2,q1C1D,NA
bibi-sd20-cid2-equal,bibi,0.2,cid2,q0D1D,NA
bibi-sd20-cid2-equal,bibi,0.2,cid2,q1D0D,NA
bibi-sd20-cid2-equal,bibi,0.2,cid2,q0D0A,NA
bibi-sd20-cid2-equal,bibi,0.2,cid2,q0D0B,NA
bibi-sd20-cid2-equal,bibi,0.2,cid2,q0D0C,NA
bibi-sd20-cid2-equal,bibi,0.2,cid2,q1D1A,NA
bibi-sd20-cid2-equal,bibi,0.2,cid2,q1D1B,NA
bibi-sd20-cid2-equal,bibi,0.2,cid2,q1D1C,NA
bibi-sd20-cid2,bibi,0.2,cid2,turnover0A,0.13929193436772305
bibi-sd20-cid2,bibi,0.2,cid2,turnover1A,0.13929193436772305
bibi-sd20-cid2,bibi,0.2,cid2,turnover0B,0.13935304352017422
bibi-sd20-cid2,bibi,0.2,cid2,turnover1B,0.13935304352017422
bibi-sd20-cid2,bibi,0.2,cid2,turnover0C,NA
bibi-sd20-cid2,bibi,0.2,cid2,turnover1C,NA
bibi-sd20-cid2,bibi,0.2,cid2,turnover0D,NA
bibi-sd20-cid2,bibi,0.2,cid2,turnover1D,NA
bibi-sd20-cid2,bibi,0.2,cid2,eps0A,2.0636522270313094e-9
bibi-sd20-cid2,bibi,0.2,cid2,q0A1A,0.008451158862250552
bibi-sd20-cid2,bibi,0.2,cid2,q1A0A,0.061481034418011234
bibi-sd20-cid2,bibi,0.2,cid2,q0A0B,45.85117222085906
bibi-sd20-cid2,bibi,0.2,cid2,q0A0C,NA
bibi-sd20-cid2,bibi,0.2,cid2,q0A0D,NA
bibi-sd20-cid2,bibi,0.2,cid2,q1A1B,45.85117222085906
bibi-sd20-cid2,bibi,0.2,cid2,q1A1C,NA
bibi-sd20-cid2,bibi,0.2,cid2,q1A1D,NA
bibi-sd20-cid2,bibi,0.2,cid2,q0B1B,0.008451158862250552
bibi-sd20-cid2,bibi,0.2,cid2,q1B0B,0.061481034418011234
bibi-sd20-cid2,bibi,0.2,cid2,q0B0A,45.85117222085906
bibi-sd20-cid2,bibi,0.2,cid2,q0B0C,NA
bibi-sd20-cid2,bibi,0.2,cid2,q0B0D,NA
bibi-sd20-cid2,bibi,0.2,cid2,q1B1A,45.85117222085906
bibi-sd20-cid2,bibi,0.2,cid2,q1B1C,NA
bibi-sd20-cid2,bibi,0.2,cid2,q1B1D,NA
bibi-sd20-cid2,bibi,0.2,cid2,q0C1C,NA
bibi-sd20-cid2,bibi,0.2,cid2,q1C0C,NA
bibi-sd20-cid2,bibi,0.2,cid2,q0C0A,NA
bibi-sd20-cid2,bibi,0.2,cid2,q0C0B,NA
bibi-sd20-cid2,bibi,0.2,cid2,q0C0D,NA
bibi-sd20-cid2,bibi,0.2,cid2,q1C1A,NA
bibi-sd20-cid2,bibi,0.2,cid2,q1C1B,NA
bibi-sd20-cid2,bibi,0.2,cid2,q1C1D,NA
bibi-sd20-cid2,bibi,0.2,cid2,q0D1D,NA
bibi-sd20-cid2,bibi,0.2,cid2,q1D0D,NA
bibi-sd20-cid2,bibi,0.2,cid2,q0D0A,NA
bibi-sd20-cid2,bibi,0.2,cid2,q0D0B,NA
bibi-sd20-cid2,bibi,0.2,cid2,q0D0C,NA
bibi-sd20-cid2,bibi,0.2,cid2,q1D1A,NA
bibi-sd20-cid2,bibi,0.2,cid2,q1D1B,NA
bibi-sd20-cid2,bibi,0.2,cid2,q1D1C,NA
bibi-sd20-cid4-equal,bibi,0.2,cid4,turnover0A,0.019488409720180087
bibi-sd20-cid4-equal,bibi,0.2,cid4,turnover1A,0.019488409720180087
bibi-sd20-cid4-equal,bibi,0.2,cid4,turnover0B,0.019490978351279244
bibi-sd20-cid4-equal,bibi,0.2,cid4,turnover1B,0.019490978351279244
bibi-sd20-cid4-equal,bibi,0.2,cid4,turnover0C,0.0194875725577135
bibi-sd20-cid4-equal,bibi,0.2,cid4,turnover1C,0.0194875725577135
bibi-sd20-cid4-equal,bibi,0.2,cid4,turnover0D,0.2454090679051835
bibi-sd20-cid4-equal,bibi,0.2,cid4,turnover1D,0.2454090679051835
bibi-sd20-cid4-equal,bibi,0.2,cid4,eps0A,2.061153622438558e-9
bibi-sd20-cid4-equal,bibi,0.2,cid4,q0A1A,0.05454822946037631
bibi-sd20-cid4-equal,bibi,0.2,cid4,q1A0A,0.05454822946037631
bibi-sd20-cid4-equal,bibi,0.2,cid4,q0A0B,0.05454822946037631
bibi-sd20-cid4-equal,bibi,0.2,cid4,q0A0C,0.05454822946037631
bibi-sd20-cid4-equal,bibi,0.2,cid4,q0A0D,0.05454822946037631
bibi-sd20-cid4-equal,bibi,0.2,cid4,q1A1B,0.05454822946037631
bibi-sd20-cid4-equal,bibi,0.2,cid4,q1A1C,0.05454822946037631
bibi-sd20-cid4-equal,bibi,0.2,cid4,q1A1D,0.05454822946037631
bibi-sd20-cid4-equal,bibi,0.2,cid4,q0B1B,0.05454822946037631
bibi-sd20-cid4-equal,bibi,0.2,cid4,q1B0B,0.05454822946037631
bibi-sd20-cid4-equal,bibi,0.2,cid4,q0B0A,0.05454822946037631
bibi-sd20-cid4-equal,bibi,0.2,cid4,q0B0C,0.05454822946037631
bibi-sd20-cid4-equal,bibi,0.2,cid4,q0B0D,0.05454822946037631
bibi-sd20-cid4-equal,bibi,0.2,cid4,q1B1A,0.05454822946037631
bibi-sd20-cid4-equal,bibi,0.2,cid4,q1B1C,0.05454822946037631
bibi-sd20-cid4-equal,bibi,0.2,cid4,q1B1D,0.05454822946037631
bibi-sd20-cid4-equal,bibi,0.2,cid4,q0C1C,0.05454822946037631
bibi-sd20-cid4-equal,bibi,0.2,cid4,q1C0C,0.05454822946037631
bibi-sd20-cid4-equal,bibi,0.2,cid4,q0C0A,0.05454822946037631
bibi-sd20-cid4-equal,bibi,0.2,cid4,q0C0B,0.05454822946037631
bibi-sd20-cid4-equal,bibi,0.2,cid4,q0C0D,0.05454822946037631
bibi-sd20-cid4-equal,bibi,0.2,cid4,q1C1A,0.05454822946037631
bibi-sd20-cid4-equal,bibi,0.2,cid4,q1C1B,0.05454822946037631
bibi-sd20-cid4-equal,bibi,0.2,cid4,q1C1D,0.05454822946037631
bibi-sd20-cid4-equal,bibi,0.2,cid4,q0D1D,0.05454822946037631
bibi-sd20-cid4-equal,bibi,0.2,cid4,q1D0D,0.05454822946037631
bibi-sd20-cid4-equal,bibi,0.2,cid4,q0D0A,0.05454822946037631
bibi-sd20-cid4-equal,bibi,0.2,cid4,q0D0B,0.05454822946037631
bibi-sd20-cid4-equal,bibi,0.2,cid4,q0D0C,0.05454822946037631
bibi-sd20-cid4-equal,bibi,0.2,cid4,q1D1A,0.05454822946037631
bibi-sd20-cid4-equal,bibi,0.2,cid4,q1D1B,0.05454822946037631
bibi-sd20-cid4-equal,bibi,0.2,cid4,q1D1C,0.05454822946037631
bibi-sd20-cid4,bibi,0.2,cid4,turnover0A,0.019610068604785338
bibi-sd20-cid4,bibi,0.2,cid4,turnover1A,0.019610068604785338
bibi-sd20-cid4,bibi,0.2,cid4,turnover0B,0.01941542366358723
bibi-sd20-cid4,bibi,0.2,cid4,turnover1B,0.01941542366358723
bibi-sd20-cid4,bibi,0.2,cid4,turnover0C,0.0196044088510928
bibi-sd20-cid4,bibi,0.2,cid4,turnover1C,0.0196044088510928
bibi-sd20-cid4,bibi,0.2,cid4,turnover0D,0.24579311873272908
bibi-sd20-cid4,bibi,0.2,cid4,turnover1D,0.24579311873272908
bibi-sd20-cid4,bibi,0.2,cid4,eps0A,2.061153622438558e-9
bibi-sd20-cid4,bibi,0.2,cid4,q0A1A,0.008414149213558264
bibi-sd20-cid4,bibi,0.2,cid4,q1A0A,0.061499689023957645
bibi-sd20-cid4,bibi,0.2,cid4,q0A0B,0.054857546301391
bibi-sd20-cid4,bibi,0.2,cid4,q0A0C,0.054857546301391
bibi-sd20-cid4,bibi,0.2,cid4,q0A0D,0.054857546301391
bibi-sd20-cid4,bibi,0.2,cid4,q1A1B,0.054857546301391
bibi-sd20-cid4,bibi,0.2,cid4,q1A1C,0.054857546301391
bibi-sd20-cid4,bibi,0.2,cid4,q1A1D,0.054857546301391
bibi-sd20-cid4,bibi,0.2,cid4,q0B1B,0.008414149213558264
bibi-sd20-cid4,bibi,0.2,cid4,q1B0B,0.061499689023957645
bibi-sd20-cid4,bibi,0.2,cid4,q0B0A,0.054857546301391
bibi-sd20-cid4,bibi,0.2,cid4,q0B0C,0.054857546301391
bibi-sd20-cid4,bibi,0.2,cid4,q0B0D,0.054857546301391
bibi-sd20-cid4,bibi,0.2,cid4,q1B1A,0.054857546301391
bibi-sd20-cid4,bibi,0.2,cid4,q1B1C,0.054857546301391
bibi-sd20-cid4,bibi,0.2,cid4,q1B1D,0.054857546301391
bibi-sd20-cid4,bibi,0.2,cid4,q0C1C,0.008414149213558264
bibi-sd20-cid4,bibi,0.2,cid4,q1C0C,0.061499689023957645
bibi-sd20-cid4,bibi,0.2,cid4,q0C0A,0.054857546301391
bibi-sd20-cid4,bibi,0.2,cid4,q0C0B,0.054857546301391
bibi-sd20-cid4,bibi,0.2,cid4,q0C0D,0.054857546301391
bibi-sd20-cid4,bibi,0.2,cid4,q1C1A,0.054857546301391
bibi-sd20-cid4,bibi,0.2,cid4,q1C1B,0.054857546301391
bibi-sd20-cid4,bibi,0.2,cid4,q1C1D,0.054857546301391
bibi-sd20-cid4,bibi,0.2,cid4,q0D1D,0.008414149213558264
bibi-sd20-cid4,bibi,0.2,cid4,q1D0D,0.061499689023957645
bibi-sd20-cid4,bibi,0.2,cid4,q0D0A,0.054857546301391
bibi-sd20-cid4,bibi,0.2,cid4,q0D0B,0.054857546301391
bibi-sd20-cid4,bibi,0.2,cid4,q0D0C,0.054857546301391
bibi-sd20-cid4,bibi,0.2,cid4,q1D1A,0.054857546301391
bibi-sd20-cid4,bibi,0.2,cid4,q1D1B,0.054857546301391
bibi-sd20-cid4,bibi,0.2,cid4,q1D1C,0.054857546301391
bibi-sd20-hisse-equal,bibi,0.2,hisse,turnover0A,0.012297742685987953
bibi-sd20-hisse-equal,bibi,0.2,hisse,turnover1A,0.006839172554826552
bibi-sd20-hisse-equal,bibi,0.2,hisse,turnover0B,0.17362357990152932
bibi-sd20-hisse-equal,bibi,0.2,hisse,turnover1B,0.20560917013743008
bibi-sd20-hisse-equal,bibi,0.2,hisse,turnover0C,NA
bibi-sd20-hisse-equal,bibi,0.2,hisse,turnover1C,NA
bibi-sd20-hisse-equal,bibi,0.2,hisse,turnover0D,NA
bibi-sd20-hisse-equal,bibi,0.2,hisse,turnover1D,NA
bibi-sd20-hisse-equal,bibi,0.2,hisse,eps0A,2.061153622438558e-9
bibi-sd20-hisse-equal,bibi,0.2,hisse,q0A1A,0.06829432422956949
bibi-sd20-hisse-equal,bibi,0.2,hisse,q1A0A,0.06829432422956949
bibi-sd20-hisse-equal,bibi,0.2,hisse,q0A0B,0.06829432422956949
bibi-sd20-hisse-equal,bibi,0.2,hisse,q0A0C,NA
bibi-sd20-hisse-equal,bibi,0.2,hisse,q0A0D,NA
bibi-sd20-hisse-equal,bibi,0.2,hisse,q1A1B,0.06829432422956949
bibi-sd20-hisse-equal,bibi,0.2,hisse,q1A1C,NA
bibi-sd20-hisse-equal,bibi,0.2,hisse,q1A1D,NA
bibi-sd20-hisse-equal,bibi,0.2,hisse,q0B1B,0.06829432422956949
bibi-sd20-hisse-equal,bibi,0.2,hisse,q1B0B,0.06829432422956949
bibi-sd20-hisse-equal,bibi,0.2,hisse,q0B0A,0.06829432422956949
bibi-sd20-hisse-equal,bibi,0.2,hisse,q0B0C,NA
bibi-sd20-hisse-equal,bibi,0.2,hisse,q0B0D,NA
bibi-sd20-hisse-equal,bibi,0.2,hisse,q1B1A,0.06829432422956949
bibi-sd20-hisse-equal,bibi,0.2,hisse,q1B1C,NA
bibi-sd20-hisse-equal,bibi,0.2,hisse,q1B1D,NA
bibi-sd20-hisse-equal,bibi,0.2,hisse,q0C1C,NA
bibi-sd20-hisse-equal,bibi,0.2,hisse,q1C0C,NA
bibi-sd20-hisse-equal,bibi,0.2,hisse,q0C0A,NA
bibi-sd20-hisse-equal,bibi,0.2,hisse,q0C0B,NA
bibi-sd20-hisse-equal,bibi,0.2,hisse,q0C0D,NA
bibi-sd20-hisse-equal,bibi,0.2,hisse,q1C1A,NA
bibi-sd20-hisse-equal,bibi,0.2,hisse,q1C1B,NA
bibi-sd20-hisse-equal,bibi,0.2,hisse,q1C1D,NA
bibi-sd20-hisse-equal,bibi,0.2,hisse,q0D1D,NA
bibi-sd20-hisse-equal,bibi,0.2,hisse,q1D0D,NA
bibi-sd20-hisse-equal,bibi,0.2,hisse,q0D0A,NA
bibi-sd20-hisse-equal,bibi,0.2,hisse,q0D0B,NA
bibi-sd20-hisse-equal,bibi,0.2,hisse,q0D0C,NA
bibi-sd20-hisse-equal,bibi,0.2,hisse,q1D1A,NA
bibi-sd20-hisse-equal,bibi,0.2,hisse,q1D1B,NA
bibi-sd20-hisse-equal,bibi,0.2,hisse,q1D1C,NA
bibi-sd20-hisse,bibi,0.2,hisse,turnover0A,2.061153622438558e-9
bibi-sd20-hisse,bibi,0.2,hisse,turnover1A,0.0015064432199241018
bibi-sd20-hisse,bibi,0.2,hisse,turnover0B,0.14271156126662554
bibi-sd20-hisse,bibi,0.2,hisse,turnover1B,0.25982161982584073
bibi-sd20-hisse,bibi,0.2,hisse,turnover0C,NA
bibi-sd20-hisse,bibi,0.2,hisse,turnover1C,NA
bibi-sd20-hisse,bibi,0.2,hisse,turnover0D,NA
bibi-sd20-hisse,bibi,0.2,hisse,turnover1D,NA
bibi-sd20-hisse,bibi,0.2,hisse,eps0A,2.0612173368491617e-9
bibi-sd20-hisse,bibi,0.2,hisse,q0A1A,2.061153622438558e-9
bibi-sd20-hisse,bibi,0.2,hisse,q1A0A,0.017702443276164558
bibi-sd20-hisse,bibi,0.2,hisse,q0A0B,0.15783464374490866
bibi-sd20-hisse,bibi,0.2,hisse,q0A0C,NA
bibi-sd20-hisse,bibi,0.2,hisse,q0A0D,NA
bibi-sd20-hisse,bibi,0.2,hisse,q1A1B,0.15783464374490866
bibi-sd20-hisse,bibi,0.2,hisse,q1A1C,NA
bibi-sd20-hisse,bibi,0.2,hisse,q1A1D,NA
bibi-sd20-hisse,bibi,0.2,hisse,q0B1B,0.014100065397304042
bibi-sd20-hisse,bibi,0.2,hisse,q1B0B,0.0886005871390701
bibi-sd20-hisse,bibi,0.2,hisse,q0B0A,0.15783464374490866
bibi-sd20-hisse,bibi,0.2,hisse,q0B0C,NA
bibi-sd20-hisse,bibi,0.2,hisse,q0B0D,NA
bibi-sd20-hisse,bibi,0.2,hisse,q1B1A,0.15783464374490866
bibi-sd20-hisse,bibi,0.2,hisse,q1B1C,NA
bibi-sd20-hisse,bibi,0.2,hisse,q1B1D,NA
bibi-sd20-hisse,bibi,0.2,hisse,q0C1C,NA
bibi-sd20-hisse,bibi,0.2,hisse,q1C0C,NA
bibi-sd20-hisse,bibi,0.2,hisse,q0C0A,NA
bibi-sd20-hisse,bibi,0.2,hisse,q0C0B,NA
bibi-sd20-hisse,bibi,0.2,hisse,q0C0D,NA
bibi-sd20-hisse,bibi,0.2,hisse,q1C1A,NA
bibi-sd20-hisse,bibi,0.2,hisse,q1C1B,NA
bibi-sd20-hisse,bibi,0.2,hisse,q1C1D,NA
bibi-sd20-hisse,bibi,0.2,hisse,q0D1D,NA
bibi-sd20-hisse,bibi,0.2,hisse,q1D0D,NA
bibi-sd20-hisse,bibi,0.2,hisse,q0D0A,NA
bibi-sd20-hisse,bibi,0.2,hisse,q0D0B,NA
bibi-sd20-hisse,bibi,0.2,hisse,q0D0C,NA
bibi-sd20-hisse,bibi,0.2,hisse,q1D1A,NA
bibi-sd20-hisse,bibi,0.2,hisse,q1D1B,NA
bibi-sd20-hisse,bibi,0.2,hisse,q1D1C,NA
bibi-sd20-null-equal,bibi,0.2,null,turnover0A,0.13933423705486875
bibi-sd20-null-equal,bibi,0.2,null,turnover1A,0.13933423705486875
bibi-sd20-null-equal,bibi,0.2,null,turnover0B,NA
bibi-sd20-null-equal,bibi,0.2,null,turnover1B,NA
bibi-sd20-null-equal,bibi,0.2,null,turnover0C,NA
bibi-sd20-null-equal,bibi,0.2,null,turnover1C,NA
bibi-sd20-null-equal,bibi,0.2,null,turnover0D,NA
bibi-sd20-null-equal,bibi,0.2,null,turnover1D,NA
bibi-sd20-null-equal,bibi,0.2,null,eps0A,2.061153622438558e-9
bibi-sd20-null-equal,bibi,0.2,null,q0A1A,0.05475884758618131
bibi-sd20-null-equal,bibi,0.2,null,q1A0A,0.05475884758618131
bibi-sd20-null-equal,bibi,0.2,null,q0A0B,NA
bibi-sd20-null-equal,bibi,0.2,null,q0A0C,NA
bibi-sd20-null-equal,bibi,0.2,null,q0A0D,NA
bibi-sd20-null-equal,bibi,0.2,null,q1A1B,NA
bibi-sd20-null-equal,bibi,0.2,null,q1A1C,NA
bibi-sd20-null-equal,bibi,0.2,null,q1A1D,NA
bibi-sd20-null-equal,bibi,0.2,null,q0B1B,NA
bibi-sd20-null-equal,bibi,0.2,null,q1B0B,NA
bibi-sd20-null-equal,bibi,0.2,null,q0B0A,NA
bibi-sd20-null-equal,bibi,0.2,null,q0B0C,NA
bibi-sd20-null-equal,bibi,0.2,null,q0B0D,NA
bibi-sd20-null-equal,bibi,0.2,null,q1B1A,NA
bibi-sd20-null-equal,bibi,0.2,null,q1B1C,NA
bibi-sd20-null-equal,bibi,0.2,null,q1B1D,NA
bibi-sd20-null-equal,bibi,0.2,null,q0C1C,NA
bibi-sd20-null-equal,bibi,0.2,null,q1C0C,NA
bibi-sd20-null-equal,bibi,0.2,null,q0C0A,NA
bibi-sd20-null-equal,bibi,0.2,null,q0C0B,NA
bibi-sd20-null-equal,bibi,0.2,null,q0C0D,NA
bibi-sd20-null-equal,bibi,0.2,null,q1C1A,NA
bibi-sd20-null-equal,bibi,0.2,null,q1C1B,NA
bibi-sd20-null-equal,bibi,0.2,null,q1C1D,NA
bibi-sd20-null-equal,bibi,0.2,null,q0D1D,NA
bibi-sd20-null-equal,bibi,0.2,null,q1D0D,NA
bibi-sd20-null-equal,bibi,0.2,null,q0D0A,NA
bibi-sd20-null-equal,bibi,0.2,null,q0D0B,NA
bibi-sd20-null-equal,bibi,0.2,null,q0D0C,NA
bibi-sd20-null-equal,bibi,0.2,null,q1D1A,NA
bibi-sd20-null-equal,bibi,0.2,null,q1D1B,NA
bibi-sd20-null-equal,bibi,0.2,null,q1D1C,NA
bibi-sd20-null,bibi,0.2,null,turnover0A,0.13933370049675528
bibi-sd20-null,bibi,0.2,null,turnover1A,0.13933370049675528
bibi-sd20-null,bibi,0.2,null,turnover0B,NA
bibi-sd20-null,bibi,0.2,null,turnover1B,NA
bibi-sd20-null,bibi,0.2,null,turnover0C,NA
bibi-sd20-null,bibi,0.2,null,turnover1C,NA
bibi-sd20-null,bibi,0.2,null,turnover0D,NA
bibi-sd20-null,bibi,0.2,null,turnover1D,NA
bibi-sd20-null,bibi,0.2,null,eps0A,2.061153622438558e-9
bibi-sd20-null,bibi,0.2,null,q0A1A,0.008461438384355082
bibi-sd20-null,bibi,0.2,null,q1A0A,0.06151079849957174
bibi-sd20-null,bibi,0.2,null,q0A0B,NA
bibi-sd20-null,bibi,0.2,null,q0A0C,NA
bibi-sd20-null,bibi,0.2,null,q0A0D,NA
bibi-sd20-null,bibi,0.2,null,q1A1B,NA
bibi-sd20-null,bibi,0.2,null,q1A1C,NA
bibi-sd20-null,bibi,0.2,null,q1A1D,NA
bibi-sd20-null,bibi,0.2,null,q0B1B,NA
bibi-sd20-null,bibi,0.2,null,q1B0B,NA
bibi-sd20-null,bibi,0.2,null,q0B0A,NA
bibi-sd20-null,bibi,0.2,null,q0B0C,NA
bibi-sd20-null,bibi,0.2,null,q0B0D,NA
bibi-sd20-null,bibi,0.2,null,q1B1A,NA
bibi-sd20-null,bibi,0.2,null,q1B1C,NA
bibi-sd20-null,bibi,0.2,null,q1B1D,NA
bibi-sd20-null,bibi,0.2,null,q0C1C,NA
bibi-sd20-null,bibi,0.2,null,q1C0C,NA
bibi-sd20-null,bibi,0.2,null,q0C0A,NA
bibi-sd20-null,bibi,0.2,null,q0C0B,NA
bibi-sd20-null,bibi,0.2,null,q0C0D,NA
bibi-sd20-null,bibi,0.2,null,q1C1A,NA
bibi-sd20-null,bibi,0.2,null,q1C1B,NA
bibi-sd20-null,bibi,0.2,null,q1C1D,NA
bibi-sd20-null,bibi,0.2,null,q0D1D,NA
bibi-sd20-null,bibi,0.2,null,q1D0D,NA
bibi-sd20-null,bibi,0.2,null,q0D0A,NA
bibi-sd20-null,bibi,0.2,null,q0D0B,NA
bibi-sd20-null,bibi,0.2,null,q0D0C,NA
bibi-sd20-null,bibi,0.2,null,q1D1A,NA
bibi-sd20-null,bibi,0.2,null,q1D1B,NA
bibi-sd20-null,bibi,0.2,null,q1D1C,NA
bibi-sd10-bisse-equal,bibi,0.1,bisse,turnover0A,0.10785146290949325
bibi-sd10-bisse-equal,bibi,0.1,bisse,turnover1A,0.1593514642418017
bibi-sd10-bisse-equal,bibi,0.1,bisse,turnover0B,NA
bibi-sd10-bisse-equal,bibi,0.1,bisse,turnover1B,NA
bibi-sd10-bisse-equal,bibi,0.1,bisse,turnover0C,NA
bibi-sd10-bisse-equal,bibi,0.1,bisse,turnover1C,NA
bibi-sd10-bisse-equal,bibi,0.1,bisse,turnover0D,NA
bibi-sd10-bisse-equal,bibi,0.1,bisse,turnover1D,NA
bibi-sd10-bisse-equal,bibi,0.1,bisse,eps0A,2.061153622438558e-9
bibi-sd10-bisse-equal,bibi,0.1,bisse,q0A1A,0.04587878336425317
bibi-sd10-bisse-equal,bibi,0.1,bisse,q1A0A,0.04587878336425317
bibi-sd10-bisse-equal,bibi,0.1,bisse,q0A0B,NA
bibi-sd10-bisse-equal,bibi,0.1,bisse,q0A0C,NA
bibi-sd10-bisse-equal,bibi,0.1,bisse,q0A0D,NA
bibi-sd10-bisse-equal,bibi,0.1,bisse,q1A1B,NA
bibi-sd10-bisse-equal,bibi,0.1,bisse,q1A1C,NA
bibi-sd10-bisse-equal,bibi,0.1,bisse,q1A1D,NA
bibi-sd10-bisse-equal,bibi,0.1,bisse,q0B1B,NA
bibi-sd10-bisse-equal,bibi,0.1,bisse,q1B0B,NA
bibi-sd10-bisse-equal,bibi,0.1,bisse,q0B0A,NA
bibi-sd10-bisse-equal,bibi,0.1,bisse,q0B0C,NA
bibi-sd10-bisse-equal,bibi,0.1,bisse,q0B0D,NA
bibi-sd10-bisse-equal,bibi,0.1,bisse,q1B1A,NA
bibi-sd10-bisse-equal,bibi,0.1,bisse,q1B1C,NA
bibi-sd10-bisse-equal,bibi,0.1,bisse,q1B1D,NA
bibi-sd10-bisse-equal,bibi,0.1,bisse,q0C1C,NA
bibi-sd10-bisse-equal,bibi,0.1,bisse,q1C0C,NA
bibi-sd10-bisse-equal,bibi,0.1,bisse,q0C0A,NA
bibi-sd10-bisse-equal,bibi,0.1,bisse,q0C0B,NA
bibi-sd10-bisse-equal,bibi,0.1,bisse,q0C0D,NA
bibi-sd10-bisse-equal,bibi,0.1,bisse,q1C1A,NA
bibi-sd10-bisse-equal,bibi,0.1,bisse,q1C1B,NA
bibi-sd10-bisse-equal,bibi,0.1,bisse,q1C1D,NA
bibi-sd10-bisse-equal,bibi,0.1,bisse,q0D1D,NA
bibi-sd10-bisse-equal,bibi,0.1,bisse,q1D0D,NA
bibi-sd10-bisse-equal,bibi,0.1,bisse,q0D0A,NA
bibi-sd10-bisse-equal,bibi,0.1,bisse,q0D0B,NA
bibi-sd10-bisse-equal,bibi,0.1,bisse,q0D0C,NA
bibi-sd10-bisse-equal,bibi,0.1,bisse,q1D1A,NA
bibi-sd10-bisse-equal,bibi,0.1,bisse,q1D1B,NA
bibi-sd10-bisse-equal,bibi,0.1,bisse,q1D1C,NA
bibi-sd10-bisse,bibi,0.1,bisse,turnover0A,0.1011054315776421
bibi-sd10-bisse,bibi,0.1,bisse,turnover1A,0.16184967268473133
bibi-sd10-bisse,bibi,0.1,bisse,turnover0B,NA
bibi-sd10-bisse,bibi,0.1,bisse,turnover1B,NA
bibi-sd10-bisse,bibi,0.1,bisse,turnover0C,NA
bibi-sd10-bisse,bibi,0.1,bisse,turnover1C,NA
bibi-sd10-bisse,bibi,0.1,bisse,turnover0D,NA
bibi-sd10-bisse,bibi,0.1,bisse,turnover1D,NA
bibi-sd10-bisse,bibi,0.1,bisse,eps0A,2.061153622438558e-9
bibi-sd10-bisse,bibi,0.1,bisse,q0A1A,0.028953483991304905
bibi-sd10-bisse,bibi,0.1,bisse,q1A0A,0.04935890874155614
bibi-sd10-bisse,bibi,0.1,bisse,q0A0B,NA
bibi-sd10-bisse,bibi,0.1,bisse,q0A0C,NA
bibi-sd10-bisse,bibi,0.1,bisse,q0A0D,NA
bibi-sd10-bisse,bibi,0.1,bisse,q1A1B,NA
bibi-sd10-bisse,bibi,0.1,bisse,q1A1C,NA
bibi-sd10-bisse,bibi,0.1,bisse,q1A1D,NA
bibi-sd10-bisse,bibi,0.1,bisse,q0B1B,NA
bibi-sd10-bisse,bibi,0.1,bisse,q1B0B,NA
bibi-sd10-bisse,bibi,0.1,bisse,q0B0A,NA
bibi-sd10-bisse,bibi,0.1,bisse,q0B0C,NA
bibi-sd10-bisse,bibi,0.1,bisse,q0B0D,NA
bibi-sd10-bisse,bibi,0.1,bisse,q1B1A,NA
bibi-sd10-bisse,bibi,0.1,bisse,q1B1C,NA
bibi-sd10-bisse,bibi,0.1,bisse,q1B1D,NA
bibi-sd10-bisse,bibi,0.1,bisse,q0C1C,NA
bibi-sd10-bisse,bibi,0.1,bisse,q1C0C,NA
bibi-sd10-bisse,bibi,0.1,bisse,q0C0A,NA
bibi-sd10-bisse,bibi,0.1,bisse,q0C0B,NA
bibi-sd10-bisse,bibi,0.1,bisse,q0C0D,NA
bibi-sd10-bisse,bibi,0.1,bisse,q1C1A,NA
bibi-sd10-bisse,bibi,0.1,bisse,q1C1B,NA
bibi-sd10-bisse,bibi,0.1,bisse,q1C1D,NA
bibi-sd10-bisse,bibi,0.1,bisse,q0D1D,NA
bibi-sd10-bisse,bibi,0.1,bisse,q1D0D,NA
bibi-sd10-bisse,bibi,0.1,bisse,q0D0A,NA
bibi-sd10-bisse,bibi,0.1,bisse,q0D0B,NA
bibi-sd10-bisse,bibi,0.1,bisse,q0D0C,NA
bibi-sd10-bisse,bibi,0.1,bisse,q1D1A,NA
bibi-sd10-bisse,bibi,0.1,bisse,q1D1B,NA
bibi-sd10-bisse,bibi,0.1,bisse,q1D1C,NA
bibi-sd10-cid2-equal,bibi,0.1,cid2,turnover0A,0.012711538655788841
bibi-sd10-cid2-equal,bibi,0.1,cid2,turnover1A,0.012711538655788841
bibi-sd10-cid2-equal,bibi,0.1,cid2,turnover0B,0.18493142613087757
bibi-sd10-cid2-equal,bibi,0.1,cid2,turnover1B,0.18493142613087757
bibi-sd10-cid2-equal,bibi,0.1,cid2,turnover0C,NA
bibi-sd10-cid2-equal,bibi,0.1,cid2,turnover1C,NA
bibi-sd10-cid2-equal,bibi,0.1,cid2,turnover0D,NA
bibi-sd10-cid2-equal,bibi,0.1,cid2,turnover1D,NA
bibi-sd10-cid2-equal,bibi,0.1,cid2,eps0A,2.061153622438558e-9
bibi-sd10-cid2-equal,bibi,0.1,cid2,q0A1A,0.05481537566897464
bibi-sd10-cid2-equal,bibi,0.1,cid2,q1A0A,0.05481537566897464
bibi-sd10-cid2-equal,bibi,0.1,cid2,q0A0B,0.05481537566897464
bibi-sd10-cid2-equal,bibi,0.1,cid2,q0A0C,NA
bibi-sd10-cid2-equal,bibi,0.1,cid2,q0A0D,NA
bibi-sd10-cid2-equal,bibi,0.1,cid2,q1A1B,0.05481537566897464
bibi-sd10-cid2-equal,bibi,0.1,cid2,q1A1C,NA
bibi-sd10-cid2-equal,bibi,0.1,cid2,q1A1D,NA
bibi-sd10-cid2-equal,bibi,0.1,cid2,q0B1B,0.05481537566897464
bibi-sd10-cid2-equal,bibi,0.1,cid2,q1B0B,0.05481537566897464
bibi-sd10-cid2-equal,bibi,0.1,cid2,q0B0A,0.05481537566897464
bibi-sd10-cid2-equal,bibi,0.1,cid2,q0B0C,NA
bibi-sd10-cid2-equal,bibi,0.1,cid2,q0B0D,NA
bibi-sd10-cid2-equal,bibi,0.1,cid2,q1B1A,0.05481537566897464
bibi-sd10-cid2-equal,bibi,0.1,cid2,q1B1C,NA
bibi-sd10-cid2-equal,bibi,0.1,cid2,q1B1D,NA
bibi-sd10-cid2-equal,bibi,0.1,cid2,q0C1C,NA
bibi-sd10-cid2-equal,bibi,0.1,cid2,q1C0C,NA
bibi-sd10-cid2-equal,bibi,0.1,cid2,q0C0A,NA
bibi-sd10-cid2-equal,bibi,0.1,cid2,q0C0B,NA
bibi-sd10-cid2-equal,bibi,0.1,cid2,q0C0D,NA
bibi-sd10-cid2-equal,bibi,0.1,cid2,q1C1A,NA
bibi-sd10-cid2-equal,bibi,0.1,cid2,q1C1B,NA
bibi-sd10-cid2-equal,bibi,0.1,cid2,q1C1D,NA
bibi-sd10-cid2-equal,bibi,0.1,cid2,q0D1D,NA
bibi-sd10-cid2-equal,bibi,0.1,cid2,q1D0D,NA
bibi-sd10-cid2-equal,bibi,0.1,cid2,q0D0A,NA
bibi-sd10-cid2-equal,bibi,0.1,cid2,q0D0B,NA
bibi-sd10-cid2-equal,bibi,0.1,cid2,q0D0C,NA
bibi-sd10-cid2-equal,bibi,0.1,cid2,q1D1A,NA
bibi-sd10-cid2-equal,bibi,0.1,cid2,q1D1B,NA
bibi-sd10-cid2-equal,bibi,0.1,cid2,q1D1C,NA
bibi-sd10-cid2,bibi,0.1,cid2,turnover0A,0.1392367097771783
bibi-sd10-cid2,bibi,0.1,cid2,turnover1A,0.1392367097771783
bibi-sd10-cid2,bibi,0.1,cid2,turnover0B,0.13945569897568583
bibi-sd10-cid2,bibi,0.1,cid2,turnover1B,0.13945569897568583
bibi-sd10-cid2,bibi,0.1,cid2,turnover0C,NA
bibi-sd10-cid2,bibi,0.1,cid2,turnover1C,NA
bibi-sd10-cid2,bibi,0.1,cid2,turnover0D,NA
bibi-sd10-cid2,bibi,0.1,cid2,turnover1D,NA
bibi-sd10-cid2,bibi,0.1,cid2,eps0A,2.7162722828532867e-9
bibi-sd10-cid2,bibi,0.1,cid2,q0A1A,0.05626138051916861
bibi-sd10-cid2,bibi,0.1,cid2,q1A0A,0.03147255264578596
bibi-sd10-cid2,bibi,0.1,cid2,q0A0B,86.63347682754653
bibi-sd10-cid2,bibi,0.1,cid2,q0A0C,NA
bibi-sd10-cid2,bibi,0.1,cid2,q0A0D,NA
bibi-sd10-cid2,bibi,0.1,cid2,q1A1B,86.63347682754653
bibi-sd10-cid2,bibi,0.1,cid2,q1A1C,NA
bibi-sd10-cid2,bibi,0.1,cid2,q1A1D,NA
bibi-sd10-cid2,bibi,0.1,cid2,q0B1B,0.05626138051916861
bibi-sd10-cid2,bibi,0.1,cid2,q1B0B,0.03147255264578596
bibi-sd10-cid2,bibi,0.1,cid2,q0B0A,86.63347682754653
bibi-sd10-cid2,bibi,0.1,cid2,q0B0C,NA
bibi-sd10-cid2,bibi,0.1,cid2,q0B0D,NA
bibi-sd10-cid2,bibi,0.1,cid2,q1B1A,86.63347682754653
bibi-sd10-cid2,bibi,0.1,cid2,q1B1C,NA
bibi-sd10-cid2,bibi,0.1,cid2,q1B1D,NA
bibi-sd10-cid2,bibi,0.1,cid2,q0C1C,NA
bibi-sd10-cid2,bibi,0.1,cid2,q1C0C,NA
bibi-sd10-cid2,bibi,0.1,cid2,q0C0A,NA
bibi-sd10-cid2,bibi,0.1,cid2,q0C0B,NA
bibi-sd10-cid2,bibi,0.1,cid2,q0C0D,NA
bibi-sd10-cid2,bibi,0.1,cid2,q1C1A,NA
bibi-sd10-cid2,bibi,0.1,cid2,q1C1B,NA
bibi-sd10-cid2,bibi,0.1,cid2,q1C1D,NA
bibi-sd10-cid2,bibi,0.1,cid2,q0D1D,NA
bibi-sd10-cid2,bibi,0.1,cid2,q1D0D,NA
bibi-sd10-cid2,bibi,0.1,cid2,q0D0A,NA
bibi-sd10-cid2,bibi,0.1,cid2,q0D0B,NA
bibi-sd10-cid2,bibi,0.1,cid2,q0D0C,NA
bibi-sd10-cid2,bibi,0.1,cid2,q1D1A,NA
bibi-sd10-cid2,bibi,0.1,cid2,q1D1B,NA
bibi-sd10-cid2,bibi,0.1,cid2,q1D1C,NA
bibi-sd10-cid4-equal,bibi,0.1,cid4,turnover0A,0.01927527985780449
bibi-sd10-cid4-equal,bibi,0.1,cid4,turnover1A,0.01927527985780449
bibi-sd10-cid4-equal,bibi,0.1,cid4,turnover0B,0.019282618870517913
bibi-sd10-cid4-equal,bibi,0.1,cid4,turnover1B,0.019282618870517913
bibi-sd10-cid4-equal,bibi,0.1,cid4,turnover0C,0.23794878406980527
bibi-sd10-cid4-equal,bibi,0.1,cid4,turnover1C,0.23794878406980527
bibi-sd10-cid4-equal,bibi,0.1,cid4,turnover0D,0.01927685721832544
bibi-sd10-cid4-equal,bibi,0.1,cid4,turnover1D,0.01927685721832544
bibi-sd10-cid4-equal,bibi,0.1,cid4,eps0A,2.061153622438558e-9
bibi-sd10-cid4-equal,bibi,0.1,cid4,q0A1A,0.047842221852826876
bibi-sd10-cid4-equal,bibi,0.1,cid4,q1A0A,0.047842221852826876
bibi-sd10-cid4-equal,bibi,0.1,cid4,q0A0B,0.047842221852826876
bibi-sd10-cid4-equal,bibi,0.1,cid4,q0A0C,0.047842221852826876
bibi-sd10-cid4-equal,bibi,0.1,cid4,q0A0D,0.047842221852826876
bibi-sd10-cid4-equal,bibi,0.1,cid4,q1A1B,0.047842221852826876
bibi-sd10-cid4-equal,bibi,0.1,cid4,q1A1C,0.047842221852826876
bibi-sd10-cid4-equal,bibi,0.1,cid4,q1A1D,0.047842221852826876
bibi-sd10-cid4-equal,bibi,0.1,cid4,q0B1B,0.047842221852826876
bibi-sd10-cid4-equal,bibi,0.1,cid4,q1B0B,0.047842221852826876
bibi-sd10-cid4-equal,bibi,0.1,cid4,q0B0A,0.047842221852826876
bibi-sd10-cid4-equal,bibi,0.1,cid4,q0B0C,0.047842221852826876
bibi-sd10-cid4-equal,bibi,0.1,cid4,q0B0D,0.047842221852826876
bibi-sd10-cid4-equal,bibi,0.1,cid4,q1B1A,0.047842221852826876
bibi-sd10-cid4-equal,bibi,0.1,cid4,q1B1C,0.047842221852826876
bibi-sd10-cid4-equal,bibi,0.1,cid4,q1B1D,0.047842221852826876
bibi-sd10-cid4-equal,bibi,0.1,cid4,q0C1C,0.047842221852826876
bibi-sd10-cid4-equal,bibi,0.1,cid4,q1C0C,0.047842221852826876
bibi-sd10-cid4-equal,bibi,0.1,cid4,q0C0A,0.047842221852826876
bibi-sd10-cid4-equal,bibi,0.1,cid4,q0C0B,0.047842221852826876
bibi-sd10-cid4-equal,bibi,0.1,cid4,q0C0D,0.047842221852826876
bibi-sd10-cid4-equal,bibi,0.1,cid4,q1C1A,0.047842221852826876
bibi-sd10-cid4-equal,bibi,0.1,cid4,q1C1B,0.047842221852826876
bibi-sd10-cid4-equal,bibi,0.1,cid4,q1C1D,0.047842221852826876
bibi-sd10-cid4-equal,bibi,0.1,cid4,q0D1D,0.047842221852826876
bibi-sd10-cid4-equal,bibi,0.1,cid4,q1D0D,0.047842221852826876
bibi-sd10-cid4-equal,bibi,0.1,cid4,q0D0A,0.047842221852826876
bibi-sd10-cid4-equal,bibi,0.1,cid4,q0D0B,0.047842221852826876
bibi-sd10-cid4-equal,bibi,0.1,cid4,q0D0C,0.047842221852826876
bibi-sd10-cid4-equal,bibi,0.1,cid4,q1D1A,0.047842221852826876
bibi-sd10-cid4-equal,bibi,0.1,cid4,q1D1B,0.047842221852826876
bibi-sd10-cid4-equal,bibi,0.1,cid4,q1D1C,0.047842221852826876
bibi-sd10-cid4,bibi,0.1,cid4,turnover0A,0.01954405452487385
bibi-sd10-cid4,bibi,0.1,cid4,turnover1A,0.01954405452487385
bibi-sd10-cid4,bibi,0.1,cid4,turnover0B,0.019420030635191335
bibi-sd10-cid4,bibi,0.1,cid4,turnover1B,0.019420030635191335
bibi-sd10-cid4,bibi,0.1,cid4,turnover0C,0.2450506111276579
bibi-sd10-cid4,bibi,0.1,cid4,turnover1C,0.2450506111276579
bibi-sd10-cid4,bibi,0.1,cid4,turnover0D,0.01943019956357623
bibi-sd10-cid4,bibi,0.1,cid4,turnover1D,0.01943019956357623
bibi-sd10-cid4,bibi,0.1,cid4,eps0A,2.061153622438558e-9
bibi-sd10-cid4,bibi,0.1,cid4,q0A1A,0.05626992671515179
bibi-sd10-cid4,bibi,0.1,cid4,q1A0A,0.031514480955423654
bibi-sd10-cid4,bibi,0.1,cid4,q0A0B,0.054172223134356004
bibi-sd10-cid4,bibi,0.1,cid4,q0A0C,0.054172223134356004
bibi-sd10-cid4,bibi,0.1,cid4,q0A0D,0.054172223134356004
bibi-sd10-cid4,bibi,0.1,cid4,q1A1B,0.054172223134356004
bibi-sd10-cid4,bibi,0.1,cid4,q1A1C,0.054172223134356004
bibi-sd10-cid4,bibi,0.1,cid4,q1A1D,0.054172223134356004
bibi-sd10-cid4,bibi,0.1,cid4,q0B1B,0.05626992671515179
bibi-sd10-cid4,bibi,0.1,cid4,q1B0B,0.031514480955423654
bibi-sd10-cid4,bibi,0.1,cid4,q0B0A,0.054172223134356004
bibi-sd10-cid4,bibi,0.1,cid4,q0B0C,0.054172223134356004
bibi-sd10-cid4,bibi,0.1,cid4,q0B0D,0.054172223134356004
bibi-sd10-cid4,bibi,0.1,cid4,q1B1A,0.054172223134356004
bibi-sd10-cid4,bibi,0.1,cid4,q1B1C,0.054172223134356004
bibi-sd10-cid4,bibi,0.1,cid4,q1B1D,0.054172223134356004
bibi-sd10-cid4,bibi,0.1,cid4,q0C1C,0.05626992671515179
bibi-sd10-cid4,bibi,0.1,cid4,q1C0C,0.031514480955423654
bibi-sd10-cid4,bibi,0.1,cid4,q0C0A,0.054172223134356004
bibi-sd10-cid4,bibi,0.1,cid4,q0C0B,0.054172223134356004
bibi-sd10-cid4,bibi,0.1,cid4,q0C0D,0.054172223134356004
bibi-sd10-cid4,bibi,0.1,cid4,q1C1A,0.054172223134356004
bibi-sd10-cid4,bibi,0.1,cid4,q1C1B,0.054172223134356004
bibi-sd10-cid4,bibi,0.1,cid4,q1C1D,0.054172223134356004
bibi-sd10-cid4,bibi,0.1,cid4,q0D1D,0.05626992671515179
bibi-sd10-cid4,bibi,0.1,cid4,q1D0D,0.031514480955423654
bibi-sd10-cid4,bibi,0.1,cid4,q0D0A,0.054172223134356004
bibi-sd10-cid4,bibi,0.1,cid4,q0D0B,0.054172223134356004
bibi-sd10-cid4,bibi,0.1,cid4,q0D0C,0.054172223134356004
bibi-sd10-cid4,bibi,0.1,cid4,q1D1A,0.054172223134356004
bibi-sd10-cid4,bibi,0.1,cid4,q1D1B,0.054172223134356004
bibi-sd10-cid4,bibi,0.1,cid4,q1D1C,0.054172223134356004
bibi-sd10-hisse-equal,bibi,0.1,hisse,turnover0A,0.02007463327229362
bibi-sd10-hisse-equal,bibi,0.1,hisse,turnover1A,2.721903495995509e-4
bibi-sd10-hisse-equal,bibi,0.1,hisse,turnover0B,0.158641198293475
bibi-sd10-hisse-equal,bibi,0.1,hisse,turnover1B,0.20029511640635736
bibi-sd10-hisse-equal,bibi,0.1,hisse,turnover0C,NA
bibi-sd10-hisse-equal,bibi,0.1,hisse,turnover1C,NA
bibi-sd10-hisse-equal,bibi,0.1,hisse,turnover0D,NA
bibi-sd10-hisse-equal,bibi,0.1,hisse,turnover1D,NA
bibi-sd10-hisse-equal,bibi,0.1,hisse,eps0A,2.061153622438558e-9
bibi-sd10-hisse-equal,bibi,0.1,hisse,q0A1A,0.055456461756460254
bibi-sd10-hisse-equal,bibi,0.1,hisse,q1A0A,0.055456461756460254
bibi-sd10-hisse-equal,bibi,0.1,hisse,q0A0B,0.055456461756460254
bibi-sd10-hisse-equal,bibi,0.1,hisse,q0A0C,NA
bibi-sd10-hisse-equal,bibi,0.1,hisse,q0A0D,NA
bibi-sd10-hisse-equal,bibi,0.1,hisse,q1A1B,0.055456461756460254
bibi-sd10-hisse-equal,bibi,0.1,hisse,q1A1C,NA
bibi-sd10-hisse-equal,bibi,0.1,hisse,q1A1D,NA
bibi-sd10-hisse-equal,bibi,0.1,hisse,q0B1B,0.055456461756460254
bibi-sd10-hisse-equal,bibi,0.1,hisse,q1B0B,0.055456461756460254
bibi-sd10-hisse-equal,bibi,0.1,hisse,q0B0A,0.055456461756460254
bibi-sd10-hisse-equal,bibi,0.1,hisse,q0B0C,NA
bibi-sd10-hisse-equal,bibi,0.1,hisse,q0B0D,NA
bibi-sd10-hisse-equal,bibi,0.1,hisse,q1B1A,0.055456461756460254
bibi-sd10-hisse-equal,bibi,0.1,hisse,q1B1C,NA
bibi-sd10-hisse-equal,bibi,0.1,hisse,q1B1D,NA
bibi-sd10-hisse-equal,bibi,0.1,hisse,q0C1C,NA
bibi-sd10-hisse-equal,bibi,0.1,hisse,q1C0C,NA
bibi-sd10-hisse-equal,bibi,0.1,hisse,q0C0A,NA
bibi-sd10-hisse-equal,bibi,0.1,hisse,q0C0B,NA
bibi-sd10-hisse-equal,bibi,0.1,hisse,q0C0D,NA
bibi-sd10-hisse-equal,bibi,0.1,hisse,q1C1A,NA
bibi-sd10-hisse-equal,bibi,0.1,hisse,q1C1B,NA
bibi-sd10-hisse-equal,bibi,0.1,hisse,q1C1D,NA
bibi-sd10-hisse-equal,bibi,0.1,hisse,q0D1D,NA
bibi-sd10-hisse-equal,bibi,0.1,hisse,q1D0D,NA
bibi-sd10-hisse-equal,bibi,0.1,hisse,q0D0A,NA
bibi-sd10-hisse-equal,bibi,0.1,hisse,q0D0B,NA
bibi-sd10-hisse-equal,bibi,0.1,hisse,q0D0C,NA
bibi-sd10-hisse-equal,bibi,0.1,hisse,q1D1A,NA
bibi-sd10-hisse-equal,bibi,0.1,hisse,q1D1B,NA
bibi-sd10-hisse-equal,bibi,0.1,hisse,q1D1C,NA
bibi-sd10-hisse,bibi,0.1,hisse,turnover0A,0.022644349876778665
bibi-sd10-hisse,bibi,0.1,hisse,turnover1A,2.061153622438558e-9
bibi-sd10-hisse,bibi,0.1,hisse,turnover0B,0.22083647393407654
bibi-sd10-hisse,bibi,0.1,hisse,turnover1B,0.18304670832337255
bibi-sd10-hisse,bibi,0.1,hisse,turnover0C,NA
bibi-sd10-hisse,bibi,0.1,hisse,turnover1C,NA
bibi-sd10-hisse,bibi,0.1,hisse,turnover0D,NA
bibi-sd10-hisse,bibi,0.1,hisse,turnover1D,NA
bibi-sd10-hisse,bibi,0.1,hisse,eps0A,2.061153622438558e-9
bibi-sd10-hisse,bibi,0.1,hisse,q0A1A,0.022517048159639244
bibi-sd10-hisse,bibi,0.1,hisse,q1A0A,0.07289709885283448
bibi-sd10-hisse,bibi,0.1,hisse,q0A0B,0.09801493809589043
bibi-sd10-hisse,bibi,0.1,hisse,q0A0C,NA
bibi-sd10-hisse,bibi,0.1,hisse,q0A0D,NA
bibi-sd10-hisse,bibi,0.1,hisse,q1A1B,0.09801493809589043
bibi-sd10-hisse,bibi,0.1,hisse,q1A1C,NA
bibi-sd10-hisse,bibi,0.1,hisse,q1A1D,NA
bibi-sd10-hisse,bibi,0.1,hisse,q0B1B,0.08140111510973679
bibi-sd10-hisse,bibi,0.1,hisse,q1B0B,0.011120874071747394
bibi-sd10-hisse,bibi,0.1,hisse,q0B0A,0.09801493809589043
bibi-sd10-hisse,bibi,0.1,hisse,q0B0C,NA
bibi-sd10-hisse,bibi,0.1,hisse,q0B0D,NA
bibi-sd10-hisse,bibi,0.1,hisse,q1B1A,0.09801493809589043
bibi-sd10-hisse,bibi,0.1,hisse,q1B1C,NA
bibi-sd10-hisse,bibi,0.1,hisse,q1B1D,NA
bibi-sd10-hisse,bibi,0.1,hisse,q0C1C,NA
bibi-sd10-hisse,bibi,0.1,hisse,q1C0C,NA
bibi-sd10-hisse,bibi,0.1,hisse,q0C0A,NA
bibi-sd10-hisse,bibi,0.1,hisse,q0C0B,NA
bibi-sd10-hisse,bibi,0.1,hisse,q0C0D,NA
bibi-sd10-hisse,bibi,0.1,hisse,q1C1A,NA
bibi-sd10-hisse,bibi,0.1,hisse,q1C1B,NA
bibi-sd10-hisse,bibi,0.1,hisse,q1C1D,NA
bibi-sd10-hisse,bibi,0.1,hisse,q0D1D,NA
bibi-sd10-hisse,bibi,0.1,hisse,q1D0D,NA
bibi-sd10-hisse,bibi,0.1,hisse,q0D0A,NA
bibi-sd10-hisse,bibi,0.1,hisse,q0D0B,NA
bibi-sd10-hisse,bibi,0.1,hisse,q0D0C,NA
bibi-sd10-hisse,bibi,0.1,hisse,q1D1A,NA
bibi-sd10-hisse,bibi,0.1,hisse,q1D1B,NA
bibi-sd10-hisse,bibi,0.1,hisse,q1D1C,NA
bibi-sd10-null-equal,bibi,0.1,null,turnover0A,0.13933423705486875
bibi-sd10-null-equal,bibi,0.1,null,turnover1A,0.13933423705486875
bibi-sd10-null-equal,bibi,0.1,null,turnover0B,NA
bibi-sd10-null-equal,bibi,0.1,null,turnover1B,NA
bibi-sd10-null-equal,bibi,0.1,null,turnover0C,NA
bibi-sd10-null-equal,bibi,0.1,null,turnover1C,NA
bibi-sd10-null-equal,bibi,0.1,null,turnover0D,NA
bibi-sd10-null-equal,bibi,0.1,null,turnover1D,NA
bibi-sd10-null-equal,bibi,0.1,null,eps0A,2.061153622438558e-9
bibi-sd10-null-equal,bibi,0.1,null,q0A1A,0.04520204801585874
bibi-sd10-null-equal,bibi,0.1,null,q1A0A,0.04520204801585874
bibi-sd10-null-equal,bibi,0.1,null,q0A0B,NA
bibi-sd10-null-equal,bibi,0.1,null,q0A0C,NA
bibi-sd10-null-equal,bibi,0.1,null,q0A0D,NA
bibi-sd10-null-equal,bibi,0.1,null,q1A1B,NA
bibi-sd10-null-equal,bibi,0.1,null,q1A1C,NA
bibi-sd10-null-equal,bibi,0.1,null,q1A1D,NA
bibi-sd10-null-equal,bibi,0.1,null,q0B1B,NA
bibi-sd10-null-equal,bibi,0.1,null,q1B0B,NA
bibi-sd10-null-equal,bibi,0.1,null,q0B0A,NA
bibi-sd10-null-equal,bibi,0.1,null,q0B0C,NA
bibi-sd10-null-equal,bibi,0.1,null,q0B0D,NA
bibi-sd10-null-equal,bibi,0.1,null,q1B1A,NA
bibi-sd10-null-equal,bibi,0.1,null,q1B1C,NA
bibi-sd10-null-equal,bibi,0.1,null,q1B1D,NA
bibi-sd10-null-equal,bibi,0.1,null,q0C1C,NA
bibi-sd10-null-equal,bibi,0.1,null,q1C0C,NA
bibi-sd10-null-equal,bibi,0.1,null,q0C0A,NA
bibi-sd10-null-equal,bibi,0.1,null,q0C0B,NA
bibi-sd10-null-equal,bibi,0.1,null,q0C0D,NA
bibi-sd10-null-equal,bibi,0.1,null,q1C1A,NA
bibi-sd10-null-equal,bibi,0.1,null,q1C1B,NA
bibi-sd10-null-equal,bibi,0.1,null,q1C1D,NA
bibi-sd10-null-equal,bibi,0.1,null,q0D1D,NA
bibi-sd10-null-equal,bibi,0.1,null,q1D0D,NA
bibi-sd10-null-equal,bibi,0.1,null,q0D0A,NA
bibi-sd10-null-equal,bibi,0.1,null,q0D0B,NA
bibi-sd10-null-equal,bibi,0.1,null,q0D0C,NA
bibi-sd10-null-equal,bibi,0.1,null,q1D1A,NA
bibi-sd10-null-equal,bibi,0.1,null,q1D1B,NA
bibi-sd10-null-equal,bibi,0.1,null,q1D1C,NA
bibi-sd10-null,bibi,0.1,null,turnover0A,0.1393345632611187
bibi-sd10-null,bibi,0.1,null,turnover1A,0.1393345632611187
bibi-sd10-null,bibi,0.1,null,turnover0B,NA
bibi-sd10-null,bibi,0.1,null,turnover1B,NA
bibi-sd10-null,bibi,0.1,null,turnover0C,NA
bibi-sd10-null,bibi,0.1,null,turnover1C,NA
bibi-sd10-null,bibi,0.1,null,turnover0D,NA
bibi-sd10-null,bibi,0.1,null,turnover1D,NA
bibi-sd10-null,bibi,0.1,null,eps0A,2.061153622438558e-9
bibi-sd10-null,bibi,0.1,null,q0A1A,0.05627339987082486
bibi-sd10-null,bibi,0.1,null,q1A0A,0.03151735286491564
bibi-sd10-null,bibi,0.1,null,q0A0B,NA
bibi-sd10-null,bibi,0.1,null,q0A0C,NA
bibi-sd10-null,bibi,0.1,null,q0A0D,NA
bibi-sd10-null,bibi,0.1,null,q1A1B,NA
bibi-sd10-null,bibi,0.1,null,q1A1C,NA
bibi-sd10-null,bibi,0.1,null,q1A1D,NA
bibi-sd10-null,bibi,0.1,null,q0B1B,NA
bibi-sd10-null,bibi,0.1,null,q1B0B,NA
bibi-sd10-null,bibi,0.1,null,q0B0A,NA
bibi-sd10-null,bibi,0.1,null,q0B0C,NA
bibi-sd10-null,bibi,0.1,null,q0B0D,NA
bibi-sd10-null,bibi,0.1,null,q1B1A,NA
bibi-sd10-null,bibi,0.1,null,q1B1C,NA
bibi-sd10-null,bibi,0.1,null,q1B1D,NA
bibi-sd10-null,bibi,0.1,null,q0C1C,NA
bibi-sd10-null,bibi,0.1,null,q1C0C,NA
bibi-sd10-null,bibi,0.1,null,q0C0A,NA
bibi-sd10-null,bibi,0.1,null,q0C0B,NA
bibi-sd10-null,bibi,0.1,null,q0C0D,NA
bibi-sd10-null,bibi,0.1,null,q1C1A,NA
bibi-sd10-null,bibi,0.1,null,q1C1B,NA
bibi-sd10-null,bibi,0.1,null,q1C1D,NA
bibi-sd10-null,bibi,0.1,null,q0D1D,NA
bibi-sd10-null,bibi,0.1,null,q1D0D,NA
bibi-sd10-null,bibi,0.1,null,q0D0A,NA
bibi-sd10-null,bibi,0.1,null,q0D0B,NA
bibi-sd10-null,bibi,0.1,null,q0D0C,NA
bibi-sd10-null,bibi,0.1,null,q1D1A,NA
bibi-sd10-null,bibi,0.1,null,q1D1B,NA
bibi-sd10-null,bibi,0.1,null,q1D1C,NA
